A Portrait of the Artist as a Young Man	Chapter 1	https://web.archive.org/web/20200122045737/http://www.bookwolf.com/Free_Booknotes/A_Portrait_of_an_artist_as_a_y/Chapter_1_s-__A_Portrait_of_an/chapter_1_s-__a_portrait_of_an.html
A Portrait of the Artist as a Young Man	Chapter 2	https://web.archive.org/web/20200122045737/http://www.bookwolf.com/Free_Booknotes/A_Portrait_of_an_artist_as_a_y/Chapter_2s_-__A_Portrait_of_an/chapter_2s_-__a_portrait_of_an.html
A Portrait of the Artist as a Young Man	Chapter 3	https://web.archive.org/web/20200122045737/http://www.bookwolf.com/Free_Booknotes/A_Portrait_of_an_artist_as_a_y/Chapter_3s_-__A_Portrait_of_an/chapter_3s_-__a_portrait_of_an.html
A Portrait of the Artist as a Young Man	Chapter 4	https://web.archive.org/web/20200122045737/http://www.bookwolf.com/Free_Booknotes/A_Portrait_of_an_artist_as_a_y/Chapter_4s_-__A_Portrait_of_an/chapter_4s_-__a_portrait_of_an.html
A Portrait of the Artist as a Young Man	Chapter 5	https://web.archive.org/web/20200122045737/http://www.bookwolf.com/Free_Booknotes/A_Portrait_of_an_artist_as_a_y/Chapter_5_s-__A_Portrait_of_an/chapter_5_s-__a_portrait_of_an.html
A Tale of Two Cities	Book 1: Chapter 1	https://web.archive.org/web/20210417043309/http://www.bookwolf.com/Free_Booknotes/A_Tale_of_Two_Cities/Bk1_Ch1-A_Tale_of_Two_Cities/bk1_ch1-a_tale_of_two_cities.html
A Tale of Two Cities	Book 1: Chapter 2-3	https://web.archive.org/web/20210417043309/http://www.bookwolf.com/Free_Booknotes/A_Tale_of_Two_Cities/Bk1_Ch_2-3-A_Tale_of_Two_Citie/bk1_ch_2-3-a_tale_of_two_citie.html
A Tale of Two Cities	Book 1: Chapter 4	https://web.archive.org/web/20210417043309/http://www.bookwolf.com/Free_Booknotes/A_Tale_of_Two_Cities/Bk1-Ch_4-A_Tale_of_Two_Cities/bk1-ch_4-a_tale_of_two_cities.html
A Tale of Two Cities	Book 1: Chapter 5	https://web.archive.org/web/20210417043309/http://www.bookwolf.com/Free_Booknotes/A_Tale_of_Two_Cities/Bk1_-Chp5-A_Tale_of_Two_Cities/bk1_-chp5-a_tale_of_two_cities.html
A Tale of Two Cities	Book 1: Chapter 6	https://web.archive.org/web/20210417043309/http://www.bookwolf.com/Free_Booknotes/A_Tale_of_Two_Cities/Bk_1_-Ch6-A_Tale_of_Two_Cities/bk_1_-ch6-a_tale_of_two_cities.html
A Tale of Two Cities	Book 2: Chapter 1-2	https://web.archive.org/web/20210417043309/http://www.bookwolf.com/Free_Booknotes/A_Tale_of_Two_Cities/Bk_2_Ch1-2-A_Tale_of_Two_Citie/bk_2_ch1-2-a_tale_of_two_citie.html
A Tale of Two Cities	Book 2: Chapter 3-4	https://web.archive.org/web/20210417043309/http://www.bookwolf.com/Free_Booknotes/A_Tale_of_Two_Cities/Bk_2-Ch3-4-A_Tale_of_Two_Citie/bk_2-ch3-4-a_tale_of_two_citie.html
A Tale of Two Cities	Book 2: Chapter 5-6	https://web.archive.org/web/20210417043309/http://www.bookwolf.com/Free_Booknotes/A_Tale_of_Two_Cities/Bk_2_Ch5-6-A_Tale_of_Two_Citie/bk_2_ch5-6-a_tale_of_two_citie.html
A Tale of Two Cities	Book 2: Chapter 7-8	https://web.archive.org/web/20210417043309/http://www.bookwolf.com/Free_Booknotes/A_Tale_of_Two_Cities/Bk_2-Ch7-8-A_Tale_of_Two_Citie/bk_2-ch7-8-a_tale_of_two_citie.html
A Tale of Two Cities	Book 2: Chapter 9	https://web.archive.org/web/20210417043309/http://www.bookwolf.com/Free_Booknotes/A_Tale_of_Two_Cities/Bk_2-Ch9-A_Tale_of_Two_Cities/bk_2-ch9-a_tale_of_two_cities.html
A Tale of Two Cities	Book 2: Chapter 10-12	https://web.archive.org/web/20210417043309/http://www.bookwolf.com/Free_Booknotes/A_Tale_of_Two_Cities/Bk_2-Ch_10-12-A_Tale_of_Two_Ci/bk_2-ch_10-12-a_tale_of_two_ci.html
A Tale of Two Cities	Book 2: Chapter 13-14	https://web.archive.org/web/20210417043309/http://www.bookwolf.com/Free_Booknotes/A_Tale_of_Two_Cities/Bk_2-Ch13-14-A_Tale_of_Two_Cit/bk_2-ch13-14-a_tale_of_two_cit.html
A Tale of Two Cities	Book 2: Chapter 15-16	https://web.archive.org/web/20210417043309/http://www.bookwolf.com/Free_Booknotes/A_Tale_of_Two_Cities/Bk_2-Ch15-16-A_Tale_of_Two_Cit/bk_2-ch15-16-a_tale_of_two_cit.html
A Tale of Two Cities	Book 2: Chapter 17-19	https://web.archive.org/web/20210417043309/http://www.bookwolf.com/Free_Booknotes/A_Tale_of_Two_Cities/Bk_2-Ch17-19-A_Tale_of_Two_Cit/bk_2-ch17-19-a_tale_of_two_cit.html
A Tale of Two Cities	Book 2: Chapter 20-22	https://web.archive.org/web/20210417043309/http://www.bookwolf.com/Free_Booknotes/A_Tale_of_Two_Cities/Bk_2-Ch_20-22-A_Tale_of_Two_Ci/bk_2-ch_20-22-a_tale_of_two_ci.html
A Tale of Two Cities	Book 2: Chapter 23-24	https://web.archive.org/web/20210417043309/http://www.bookwolf.com/Free_Booknotes/A_Tale_of_Two_Cities/Bk_2-Ch23-24-A_Tale_of_Two_Cit/bk_2-ch23-24-a_tale_of_two_cit.html
A Tale of Two Cities	Book 3: Chapter 1	https://web.archive.org/web/20210417043309/http://www.bookwolf.com/Free_Booknotes/A_Tale_of_Two_Cities/Bk_3-Ch1-A_Tale_of_Two_Cities/bk_3-ch1-a_tale_of_two_cities.html
A Tale of Two Cities	Book 3: Chapter 2	https://web.archive.org/web/20210417043309/http://www.bookwolf.com/Free_Booknotes/A_Tale_of_Two_Cities/Bk_3-Ch_2-A_Tale_of_Two_Cities/bk_3-ch_2-a_tale_of_two_cities.html
A Tale of Two Cities	Book 3: Chapter 3	https://web.archive.org/web/20210417043309/http://www.bookwolf.com/Free_Booknotes/A_Tale_of_Two_Cities/Bk_3-Ch3-A_Tale_of_Two_Cities/bk_3-ch3-a_tale_of_two_cities.html
A Tale of Two Cities	Book 3: Chapter 4	https://web.archive.org/web/20210417043309/http://www.bookwolf.com/Free_Booknotes/A_Tale_of_Two_Cities/Bk_3-Ch4-A_Tale_of_Two_Cities/bk_3-ch4-a_tale_of_two_cities.html
A Tale of Two Cities	Book 3: Chapter 5	https://web.archive.org/web/20210417043309/http://www.bookwolf.com/Free_Booknotes/A_Tale_of_Two_Cities/Bk_3-Ch_5-A_Tale_of_Two_Cities/bk_3-ch_5-a_tale_of_two_cities.html
A Tale of Two Cities	Book 3: Chapter 6	https://web.archive.org/web/20210417043309/http://www.bookwolf.com/Free_Booknotes/A_Tale_of_Two_Cities/Bk_3-Ch6-A_Tale_of_Two_Cities/bk_3-ch6-a_tale_of_two_cities.html
A Tale of Two Cities	Book 3: Chapter 7	https://web.archive.org/web/20210417043309/http://www.bookwolf.com/Free_Booknotes/A_Tale_of_Two_Cities/Bk_3-Ch_7-A_Tale_of_Two_Cities/bk_3-ch_7-a_tale_of_two_cities.html
A Tale of Two Cities	Book 3: Chapter 8	https://web.archive.org/web/20210417043309/http://www.bookwolf.com/Free_Booknotes/A_Tale_of_Two_Cities/Bk_3-Ch8-A_Tale_of_Two_Cities/bk_3-ch8-a_tale_of_two_cities.html
A Tale of Two Cities	Book 3: Chapter 9	https://web.archive.org/web/20210417043309/http://www.bookwolf.com/Free_Booknotes/A_Tale_of_Two_Cities/Bk_3-Ch9-A_Tale_of_Two_Cities/bk_3-ch9-a_tale_of_two_cities.html
A Tale of Two Cities	Book 3: Chapter 10	https://web.archive.org/web/20210417043309/http://www.bookwolf.com/Free_Booknotes/A_Tale_of_Two_Cities/Bk_3-Ch10-A_Tale_of_Two_Cities/bk_3-ch10-a_tale_of_two_cities.html
A Tale of Two Cities	Book 3: Chapter 11	https://web.archive.org/web/20210417043309/http://www.bookwolf.com/Free_Booknotes/A_Tale_of_Two_Cities/Bk_3-Ch11-A_Tale_of_Two_Cities/bk_3-ch11-a_tale_of_two_cities.html
A Tale of Two Cities	Book 3: Chapter 12	https://web.archive.org/web/20210417043309/http://www.bookwolf.com/Free_Booknotes/A_Tale_of_Two_Cities/Bk_3-Ch12-A_Tale_of_Two_Cities/bk_3-ch12-a_tale_of_two_cities.html
A Tale of Two Cities	Book 3: Chapter 13	https://web.archive.org/web/20210417043309/http://www.bookwolf.com/Free_Booknotes/A_Tale_of_Two_Cities/Bk_3-Ch13-A_Tale_of_Two_Cities/bk_3-ch13-a_tale_of_two_cities.html
A Tale of Two Cities	Book 3: Chapter 14	https://web.archive.org/web/20210417043309/http://www.bookwolf.com/Free_Booknotes/A_Tale_of_Two_Cities/Bk_3-Ch_14-A_Tale_of_Two_Citie/bk_3-ch_14-a_tale_of_two_citie.html
A Tale of Two Cities	Book 3: Chapter 15	https://web.archive.org/web/20210417043309/http://www.bookwolf.com/Free_Booknotes/A_Tale_of_Two_Cities/Bk_3-Ch15-A_Tale_of_Two_Cities/bk_3-ch15-a_tale_of_two_cities.html
Frankenstein	Letter 1-4	https://web.archive.org/web/20210415211604/http://www.bookwolf.com/Free_Booknotes/Frankenstein_by_Mary_Shelley/Letters1-4-Frankenstein/letters1-4-frankenstein.html
Frankenstein	Chapter 1	https://web.archive.org/web/20210415211604/http://www.bookwolf.com/Free_Booknotes/Frankenstein_by_Mary_Shelley/Chapter__1-Frankenstein/chapter__1-frankenstein.html
Frankenstein	Chapter 2	https://web.archive.org/web/20210415211604/http://www.bookwolf.com/Free_Booknotes/Frankenstein_by_Mary_Shelley/Chapter_2-Frankenstein/chapter_2-frankenstein.html
Frankenstein	Chapter 3	https://web.archive.org/web/20210415211604/http://www.bookwolf.com/Free_Booknotes/Frankenstein_by_Mary_Shelley/Chapter__3-Frankenstein/chapter__3-frankenstein.html
Frankenstein	Chapter 4	https://web.archive.org/web/20210415211604/http://www.bookwolf.com/Free_Booknotes/Frankenstein_by_Mary_Shelley/Chapter__4-Frankenstein/chapter__4-frankenstein.html
Frankenstein	Chapter 5	https://web.archive.org/web/20210415211604/http://www.bookwolf.com/Free_Booknotes/Frankenstein_by_Mary_Shelley/Chapter__5-Frankenstein/chapter__5-frankenstein.html
Frankenstein	Chapter 6	https://web.archive.org/web/20210415211604/http://www.bookwolf.com/Free_Booknotes/Frankenstein_by_Mary_Shelley/Chapter__6-Frankenstein/chapter__6-frankenstein.html
Frankenstein	Chapter 7	https://web.archive.org/web/20210415211604/http://www.bookwolf.com/Free_Booknotes/Frankenstein_by_Mary_Shelley/Chapter__7-Frankenstein/chapter__7-frankenstein.html
Frankenstein	Chapter 8	https://web.archive.org/web/20210415211604/http://www.bookwolf.com/Free_Booknotes/Frankenstein_by_Mary_Shelley/Chapter__8-Frankenstein/chapter__8-frankenstein.html
Frankenstein	Chapter 9	https://web.archive.org/web/20210415211604/http://www.bookwolf.com/Free_Booknotes/Frankenstein_by_Mary_Shelley/Chapter__9-Frankenstein/chapter__9-frankenstein.html
Frankenstein	Chapter 10	https://web.archive.org/web/20210415211604/http://www.bookwolf.com/Free_Booknotes/Frankenstein_by_Mary_Shelley/Chapter__10-Frankenstein/chapter__10-frankenstein.html
Frankenstein	Chapter 11	https://web.archive.org/web/20210415211604/http://www.bookwolf.com/Free_Booknotes/Frankenstein_by_Mary_Shelley/Chapter__11-Frankenstein/chapter__11-frankenstein.html
Frankenstein	Chapter 12	https://web.archive.org/web/20210415211604/http://www.bookwolf.com/Free_Booknotes/Frankenstein_by_Mary_Shelley/Chapter__12-Frankenstein/chapter__12-frankenstein.html
Frankenstein	Chapter 13	https://web.archive.org/web/20210415211604/http://www.bookwolf.com/Free_Booknotes/Frankenstein_by_Mary_Shelley/Chapter__13-Frankenstein/chapter__13-frankenstein.html
Frankenstein	Chapter 14-15	https://web.archive.org/web/20210415211604/http://www.bookwolf.com/Free_Booknotes/Frankenstein_by_Mary_Shelley/Chapter__14_-_15-Frankenstein/chapter__14_-_15-frankenstein.html
Frankenstein	Chapter 16	https://web.archive.org/web/20210415211604/http://www.bookwolf.com/Free_Booknotes/Frankenstein_by_Mary_Shelley/Chapter__16-Frankenstein/chapter__16-frankenstein.html
Frankenstein	Chapter 17	https://web.archive.org/web/20210415211604/http://www.bookwolf.com/Free_Booknotes/Frankenstein_by_Mary_Shelley/Chapter__17-Frankenstein/chapter__17-frankenstein.html
Frankenstein	Chapter 18	https://web.archive.org/web/20210415211604/http://www.bookwolf.com/Free_Booknotes/Frankenstein_by_Mary_Shelley/Chapter_18-Frankenstein/chapter_18-frankenstein.html
Frankenstein	Chapter 19	https://web.archive.org/web/20210415211604/http://www.bookwolf.com/Free_Booknotes/Frankenstein_by_Mary_Shelley/Chapter__19-Frankenstein/chapter__19-frankenstein.html
Frankenstein	Chapter 20	https://web.archive.org/web/20210415211604/http://www.bookwolf.com/Free_Booknotes/Frankenstein_by_Mary_Shelley/Chapter__20-Frankenstein/chapter__20-frankenstein.html
Frankenstein	Chapter 21	https://web.archive.org/web/20210415211604/http://www.bookwolf.com/Free_Booknotes/Frankenstein_by_Mary_Shelley/Chapter__21-Frankenstein/chapter__21-frankenstein.html
Frankenstein	Chapter 22	https://web.archive.org/web/20210415211604/http://www.bookwolf.com/Free_Booknotes/Frankenstein_by_Mary_Shelley/Chapter__22-Frankenstein/chapter__22-frankenstein.html
Frankenstein	Chapter 23	https://web.archive.org/web/20210415211604/http://www.bookwolf.com/Free_Booknotes/Frankenstein_by_Mary_Shelley/Chapter__23-Frankenstein/chapter__23-frankenstein.html
Frankenstein	Chapter 24	https://web.archive.org/web/20210415211604/http://www.bookwolf.com/Free_Booknotes/Frankenstein_by_Mary_Shelley/Chapter__24-Frankenstein/chapter__24-frankenstein.html
Great Expectations	Chapter 1-6	https://web.archive.org/web/20210411195911/http://www.bookwolf.com/Free_Booknotes/Great_Expectations/Chap_1-6-__Great_Expectations/chap_1-6-__great_expectations.html
Great Expectations	Chapter 7-12	https://web.archive.org/web/20210411195911/http://www.bookwolf.com/Free_Booknotes/Great_Expectations/Chap-7-12__Great_Expectations/chap-7-12__great_expectations.html
Great Expectations	Chapter 13-17	https://web.archive.org/web/20210411195911/http://www.bookwolf.com/Free_Booknotes/Great_Expectations/Chap13-17_Great_Expectations/chap13-17_great_expectations.html
Great Expectations	Chapter 18-19	https://web.archive.org/web/20210411195911/http://www.bookwolf.com/Free_Booknotes/Great_Expectations/Chap18-19__Great_Expectations/chap18-19__great_expectations.html
Great Expectations	Chapter 20-24	https://web.archive.org/web/20210411195911/http://www.bookwolf.com/Free_Booknotes/Great_Expectations/Chap_20-24_Great_Expectations/chap_20-24_great_expectations.html
Great Expectations	Chapter 25-28	https://web.archive.org/web/20210411195911/http://www.bookwolf.com/Free_Booknotes/Great_Expectations/Chap_25-28_Great_Expectations/chap_25-28_great_expectations.html
Great Expectations	Chapter 29-39	https://web.archive.org/web/20210411195911/http://www.bookwolf.com/Free_Booknotes/Great_Expectations/Chap_29-39__Great_Expectations/chap_29-39__great_expectations.html
Great Expectations	Chapter 40-45	https://web.archive.org/web/20210411195911/http://www.bookwolf.com/Free_Booknotes/Great_Expectations/Chap_40-45_Great_Expectations/chap_40-45_great_expectations.html
Great Expectations	Chapter 46-51	https://web.archive.org/web/20210411195911/http://www.bookwolf.com/Free_Booknotes/Great_Expectations/Chap46-51_Great_Expectations/chap46-51_great_expectations.html
Great Expectations	Chapter 52-59	https://web.archive.org/web/20210411195911/http://www.bookwolf.com/Free_Booknotes/Great_Expectations/Chap_52-59_Great_Expectations/chap_52-59_great_expectations.html
The Adventures of Huckleberry Finn	Chapter 1	https://web.archive.org/web/20210410165236/http://www.bookwolf.com/Free_Booknotes/Huckleberry_Finn/Chap_1_Huckleberry_Finn/chap_1_huckleberry_finn.html
The Adventures of Huckleberry Finn	Chapter 2-3	https://web.archive.org/web/20210410165236/http://www.bookwolf.com/Free_Booknotes/Huckleberry_Finn/Chap_2-3_Huckleberry_Finn/chap_2-3_huckleberry_finn.html
The Adventures of Huckleberry Finn	Chapter 4-6	https://web.archive.org/web/20210410165236/http://www.bookwolf.com/Free_Booknotes/Huckleberry_Finn/Chap_4-6_Huckleberry_Finn/chap_4-6_huckleberry_finn.html
The Adventures of Huckleberry Finn	Chapter 7-10	https://web.archive.org/web/20210410165236/http://www.bookwolf.com/Free_Booknotes/Huckleberry_Finn/Chap_7-10_Huckleberry_Finn/chap_7-10_huckleberry_finn.html
The Adventures of Huckleberry Finn	Chapter 11-13	https://web.archive.org/web/20210410165236/http://www.bookwolf.com/Free_Booknotes/Huckleberry_Finn/Chap11-13_Huckleberry_Finn/chap11-13_huckleberry_finn.html
The Adventures of Huckleberry Finn	Chapter 14-16	https://web.archive.org/web/20210410165236/http://www.bookwolf.com/Free_Booknotes/Huckleberry_Finn/Chap_14-16_Huckleberry_Finn/chap_14-16_huckleberry_finn.html
The Adventures of Huckleberry Finn	Chapter 17-19	https://web.archive.org/web/20210410165236/http://www.bookwolf.com/Free_Booknotes/Huckleberry_Finn/Chap_17-19_Huckleberry_Finn/chap_17-19_huckleberry_finn.html
The Adventures of Huckleberry Finn	Chapter 20-22	https://web.archive.org/web/20210410165236/http://www.bookwolf.com/Free_Booknotes/Huckleberry_Finn/Chap20-22_Huckleberry_Finn/chap20-22_huckleberry_finn.html
The Adventures of Huckleberry Finn	Chapter 23-25	https://web.archive.org/web/20210410165236/http://www.bookwolf.com/Free_Booknotes/Huckleberry_Finn/Chap_23-25_Huckleberry_Finn/chap_23-25_huckleberry_finn.html
The Adventures of Huckleberry Finn	Chapter 26-28	https://web.archive.org/web/20210410165236/http://www.bookwolf.com/Free_Booknotes/Huckleberry_Finn/Chap26-28_Huckleberry_Finn/chap26-28_huckleberry_finn.html
The Adventures of Huckleberry Finn	Chapter 29-31	https://web.archive.org/web/20210410165236/http://www.bookwolf.com/Free_Booknotes/Huckleberry_Finn/Chap_29-31_Huckleberry_Finn/chap_29-31_huckleberry_finn.html
The Adventures of Huckleberry Finn	Chapter 32-35	https://web.archive.org/web/20210410165236/http://www.bookwolf.com/Free_Booknotes/Huckleberry_Finn/Chap32-35_Huckleberry_Finn/chap32-35_huckleberry_finn.html
The Adventures of Huckleberry Finn	Chapter 36-39	https://web.archive.org/web/20210410165236/http://www.bookwolf.com/Free_Booknotes/Huckleberry_Finn/Chap36-39_Huckleberry_Finn/chap36-39_huckleberry_finn.html
The Adventures of Huckleberry Finn	Chapter 40-43	https://web.archive.org/web/20210410165236/http://www.bookwolf.com/Free_Booknotes/Huckleberry_Finn/Chap_40-43_Huckleberry_Finn/chap_40-43_huckleberry_finn.html
Jane Eyre	Chapter 1-2	https://web.archive.org/web/20210415204208/http://www.bookwolf.com/Free_Booknotes/Jane_Eyre_by_Charlotte_Bronte/Chapters_1-2-Jane_Eyre/chapters_1-2-jane_eyre.html
Jane Eyre	Chapter 3-4	https://web.archive.org/web/20210415204208/http://www.bookwolf.com/Free_Booknotes/Jane_Eyre_by_Charlotte_Bronte/Chapters_3-4-Jane_Eyre/chapters_3-4-jane_eyre.html
Jane Eyre	Chapter 5-6	https://web.archive.org/web/20210415204208/http://www.bookwolf.com/Free_Booknotes/Jane_Eyre_by_Charlotte_Bronte/Chapters_5-6-Jane_Eyre/chapters_5-6-jane_eyre.html
Jane Eyre	Chapter 7-8	https://web.archive.org/web/20210415204208/http://www.bookwolf.com/Free_Booknotes/Jane_Eyre_by_Charlotte_Bronte/Chapters_7-8-Jane_Eyre/chapters_7-8-jane_eyre.html
Jane Eyre	Chapter 9-10	https://web.archive.org/web/20210415204208/http://www.bookwolf.com/Free_Booknotes/Jane_Eyre_by_Charlotte_Bronte/Chapters_9-10-Jane_Eyre/chapters_9-10-jane_eyre.html
Jane Eyre	Chapter 11-12	https://web.archive.org/web/20210415204208/http://www.bookwolf.com/Free_Booknotes/Jane_Eyre_by_Charlotte_Bronte/Chapters_11-12-Jane_Eyre/chapters_11-12-jane_eyre.html
Jane Eyre	Chapter 13-14	https://web.archive.org/web/20210415204208/http://www.bookwolf.com/Free_Booknotes/Jane_Eyre_by_Charlotte_Bronte/Chapters_13-14-Jane_Eyre/chapters_13-14-jane_eyre.html
Jane Eyre	Chapter 15-16	https://web.archive.org/web/20210415204208/http://www.bookwolf.com/Free_Booknotes/Jane_Eyre_by_Charlotte_Bronte/Chapters_15-16-Jane_Eyre/chapters_15-16-jane_eyre.html
Jane Eyre	Chapter 17-18	https://web.archive.org/web/20210415204208/http://www.bookwolf.com/Free_Booknotes/Jane_Eyre_by_Charlotte_Bronte/Chapters_17-18-Jane_Eyre/chapters_17-18-jane_eyre.html
Jane Eyre	Chapter 19	https://web.archive.org/web/20210415204208/http://www.bookwolf.com/Free_Booknotes/Jane_Eyre_by_Charlotte_Bronte/Chapter_19-Jane_Eyre/chapter_19-jane_eyre.html
Jane Eyre	Chapter 20	https://web.archive.org/web/20210415204208/http://www.bookwolf.com/Free_Booknotes/Jane_Eyre_by_Charlotte_Bronte/Chapter_20-Jane_Eyre/chapter_20-jane_eyre.html
Jane Eyre	Chapter 21	https://web.archive.org/web/20210415204208/http://www.bookwolf.com/Free_Booknotes/Jane_Eyre_by_Charlotte_Bronte/Chapter_21-Jane_Eyre/chapter_21-jane_eyre.html
Jane Eyre	Chapter 22	https://web.archive.org/web/20210415204208/http://www.bookwolf.com/Free_Booknotes/Jane_Eyre_by_Charlotte_Bronte/Chapter_22-Jane_Eyre/chapter_22-jane_eyre.html
Jane Eyre	Chapter 23-24	https://web.archive.org/web/20210415204208/http://www.bookwolf.com/Free_Booknotes/Jane_Eyre_by_Charlotte_Bronte/Chapters_23-24-Jane_Eyre/chapters_23-24-jane_eyre.html
Jane Eyre	Chapter 25	https://web.archive.org/web/20210415204208/http://www.bookwolf.com/Free_Booknotes/Jane_Eyre_by_Charlotte_Bronte/Chapters_25-Jane_Eyre/chapters_25-jane_eyre.html
Jane Eyre	Chapter 26	https://web.archive.org/web/20210415204208/http://www.bookwolf.com/Free_Booknotes/Jane_Eyre_by_Charlotte_Bronte/Chapter_26-Jane_Eyre/chapter_26-jane_eyre.html
Jane Eyre	Chapter 27-28	https://web.archive.org/web/20210415204208/http://www.bookwolf.com/Free_Booknotes/Jane_Eyre_by_Charlotte_Bronte/Chapter_27-28-Jane_Eyre/chapter_27-28-jane_eyre.html
Jane Eyre	Chapter 29-30	https://web.archive.org/web/20210415204208/http://www.bookwolf.com/Free_Booknotes/Jane_Eyre_by_Charlotte_Bronte/Chapters_29-30-Jane_Eyre/chapters_29-30-jane_eyre.html
Jane Eyre	Chapter 31-32	https://web.archive.org/web/20210415204208/http://www.bookwolf.com/Free_Booknotes/Jane_Eyre_by_Charlotte_Bronte/Chapters_31-32-Jane_Eyre/chapters_31-32-jane_eyre.html
Jane Eyre	Chapter 33-34	https://web.archive.org/web/20210415204208/http://www.bookwolf.com/Free_Booknotes/Jane_Eyre_by_Charlotte_Bronte/Chapters_33-34-Jane_Eyre/chapters_33-34-jane_eyre.html
Jane Eyre	Chapter 35-36	https://web.archive.org/web/20210415204208/http://www.bookwolf.com/Free_Booknotes/Jane_Eyre_by_Charlotte_Bronte/Chapters_35-36-Jane_Eyre/chapters_35-36-jane_eyre.html
Jane Eyre	Chapter 37	https://web.archive.org/web/20210415204208/http://www.bookwolf.com/Free_Booknotes/Jane_Eyre_by_Charlotte_Bronte/Chapters_37-Jane_Eyre/chapters_37-jane_eyre.html
Jane Eyre	Chapter 38	https://web.archive.org/web/20210415204208/http://www.bookwolf.com/Free_Booknotes/Jane_Eyre_by_Charlotte_Bronte/Chapters_38-Jane_Eyre/chapters_38-jane_eyre.html
Pride and Prejudice	Chapter 1-2	https://web.archive.org/web/20210412044738/http://www.bookwolf.com/Free_Booknotes/Pride___Prejudice/Chapters_1-2-_Pride_and_Prejud/chapters_1-2-_pride_and_prejud.html
Pride and Prejudice	Chapter 3	https://web.archive.org/web/20210412044738/http://www.bookwolf.com/Free_Booknotes/Pride___Prejudice/Chapter_3-_Pride_and_Prejudice/chapter_3-_pride_and_prejudice.html
Pride and Prejudice	Chapter 4-5	https://web.archive.org/web/20210412044738/http://www.bookwolf.com/Free_Booknotes/Pride___Prejudice/Chapters_4-5-_Pride_and_Prejud/chapters_4-5-_pride_and_prejud.html
Pride and Prejudice	Chapter 6-7	https://web.archive.org/web/20210412044738/http://www.bookwolf.com/Free_Booknotes/Pride___Prejudice/Chapter_6_-7-_Pride_and_Prejud/chapter_6_-7-_pride_and_prejud.html
Pride and Prejudice	Chapter 8-9	https://web.archive.org/web/20210412044738/http://www.bookwolf.com/Free_Booknotes/Pride___Prejudice/Chapters_8-9-_Pride_and_Prejud/chapters_8-9-_pride_and_prejud.html
Pride and Prejudice	Chapter 10-11	https://web.archive.org/web/20210412044738/http://www.bookwolf.com/Free_Booknotes/Pride___Prejudice/Chapters_10-11-_Pride_and_Prej/chapters_10-11-_pride_and_prej.html
Pride and Prejudice	Chapter 12-14	https://web.archive.org/web/20210412044738/http://www.bookwolf.com/Free_Booknotes/Pride___Prejudice/Chapters_12-14-_Pride_and_Prej/chapters_12-14-_pride_and_prej.html
Pride and Prejudice	Chapter 15-16	https://web.archive.org/web/20210412044738/http://www.bookwolf.com/Free_Booknotes/Pride___Prejudice/Chapters_15-16-_Pride_and_Prej/chapters_15-16-_pride_and_prej.html
Pride and Prejudice	Chapter 17-18	https://web.archive.org/web/20210412044738/http://www.bookwolf.com/Free_Booknotes/Pride___Prejudice/Chapters_17-18-_Pride_and_Prej/chapters_17-18-_pride_and_prej.html
Pride and Prejudice	Chapter 19-23	https://web.archive.org/web/20210412044738/http://www.bookwolf.com/Free_Booknotes/Pride___Prejudice/Chapters_19-23-_Pride_and_Prej/chapters_19-23-_pride_and_prej.html
Pride and Prejudice	Chapter 24-25	https://web.archive.org/web/20210412044738/http://www.bookwolf.com/Free_Booknotes/Pride___Prejudice/Chapters_24-25-_Pride_and_Prej/chapters_24-25-_pride_and_prej.html
Pride and Prejudice	Chapter 26-27	https://web.archive.org/web/20210412044738/http://www.bookwolf.com/Free_Booknotes/Pride___Prejudice/Chapters_26-27-_Pride_and_Prej/chapters_26-27-_pride_and_prej.html
Pride and Prejudice	Chapter 28-30	https://web.archive.org/web/20210412044738/http://www.bookwolf.com/Free_Booknotes/Pride___Prejudice/Chapters_28-30-_Pride_and_Prej/chapters_28-30-_pride_and_prej.html
Pride and Prejudice	Chapter 31-36	https://web.archive.org/web/20210412044738/http://www.bookwolf.com/Free_Booknotes/Pride___Prejudice/Chapters_31-36-_Pride_and_Prej/chapters_31-36-_pride_and_prej.html
Pride and Prejudice	Chapter 37-43	https://web.archive.org/web/20210412044738/http://www.bookwolf.com/Free_Booknotes/Pride___Prejudice/Chapters_37-43-_Pride_and_Prej/chapters_37-43-_pride_and_prej.html
Pride and Prejudice	Chapter 44-46	https://web.archive.org/web/20210412044738/http://www.bookwolf.com/Free_Booknotes/Pride___Prejudice/Chapters_44-46-_Pride_and_Prej/chapters_44-46-_pride_and_prej.html
Pride and Prejudice	Chapter 47-50	https://web.archive.org/web/20210412044738/http://www.bookwolf.com/Free_Booknotes/Pride___Prejudice/Chapters_47-50-_Pride_and_Prej/chapters_47-50-_pride_and_prej.html
Pride and Prejudice	Chapter 51-60	https://web.archive.org/web/20210412044738/http://www.bookwolf.com/Free_Booknotes/Pride___Prejudice/Chapters_51-60-_Pride_and_Prej/chapters_51-60-_pride_and_prej.html
Wuthering Heights	Chapter 1-2	https://web.archive.org/web/20210410172008/http://www.bookwolf.com/Free_Booknotes/Wuthering_Heights/Chapter_1-2-Wuthering_Heights/chapter_1-2-wuthering_heights.html
Wuthering Heights	Chapter 3-4	https://web.archive.org/web/20210410172008/http://www.bookwolf.com/Free_Booknotes/Wuthering_Heights/Chapter_3-4-Wuthering_Heights/chapter_3-4-wuthering_heights.html
Wuthering Heights	Chapter 5-7	https://web.archive.org/web/20210410172008/http://www.bookwolf.com/Free_Booknotes/Wuthering_Heights/Chapter_5-7-Wuthering_Heights/chapter_5-7-wuthering_heights.html
Wuthering Heights	Chapter 8-10	https://web.archive.org/web/20210410172008/http://www.bookwolf.com/Free_Booknotes/Wuthering_Heights/Chapter_8-10-Wuthering_Heights/chapter_8-10-wuthering_heights.html
Wuthering Heights	Chapter 11-12	https://web.archive.org/web/20210410172008/http://www.bookwolf.com/Free_Booknotes/Wuthering_Heights/Chapter_11-12-Wuthering_Height/chapter_11-12-wuthering_height.html
Wuthering Heights	Chapter 13-15	https://web.archive.org/web/20210410172008/http://www.bookwolf.com/Free_Booknotes/Wuthering_Heights/Chapter_13-15-Wuthering_Height/chapter_13-15-wuthering_height.html
Wuthering Heights	Chapter 16-17	https://web.archive.org/web/20210410172008/http://www.bookwolf.com/Free_Booknotes/Wuthering_Heights/Chapter_16-17-Wuthering_Height/chapter_16-17-wuthering_height.html
Wuthering Heights	Chapter 18-20	https://web.archive.org/web/20210410172008/http://www.bookwolf.com/Free_Booknotes/Wuthering_Heights/Chapter_18-20-Wuthering_Height/chapter_18-20-wuthering_height.html
Wuthering Heights	Chapter 21-23	https://web.archive.org/web/20210410172008/http://www.bookwolf.com/Free_Booknotes/Wuthering_Heights/Chapter_21-23-Wuthering_Height/chapter_21-23-wuthering_height.html
Wuthering Heights	Chapter 24-26	https://web.archive.org/web/20210410172008/http://www.bookwolf.com/Free_Booknotes/Wuthering_Heights/Chapter_24-26-Wuthering_Height/chapter_24-26-wuthering_height.html
Wuthering Heights	Chapter 27-28	https://web.archive.org/web/20210410172008/http://www.bookwolf.com/Free_Booknotes/Wuthering_Heights/Chapter_27-28-Wuthering_Height/chapter_27-28-wuthering_height.html
Wuthering Heights	Chapter 29-32	https://web.archive.org/web/20210410172008/http://www.bookwolf.com/Free_Booknotes/Wuthering_Heights/Chapter_29-32-Wuthering_Height/chapter_29-32-wuthering_height.html
Wuthering Heights	Chapter 33-34	https://web.archive.org/web/20210410172008/http://www.bookwolf.com/Free_Booknotes/Wuthering_Heights/Chapter_33-34-Wuthering_Height/chapter_33-34-wuthering_height.html
The Awakening	Chapter 1	https://web.archive.org/web/20210410180243/http://www.bookwolf.com/Free_Booknotes/The_Awakening/Chapter_1__-The_Awakening_by_K/chapter_1__-the_awakening_by_k.html
The Awakening	Chapter 2	https://web.archive.org/web/20210410180243/http://www.bookwolf.com/Free_Booknotes/The_Awakening/Chapter_2__-The_Awakening_by_K/chapter_2__-the_awakening_by_k.html
The Awakening	Chapter 3	https://web.archive.org/web/20210410180243/http://www.bookwolf.com/Free_Booknotes/The_Awakening/Chapter_3__-The_Awakening_by_K/chapter_3__-the_awakening_by_k.html
The Awakening	Chapter 4	https://web.archive.org/web/20210410180243/http://www.bookwolf.com/Free_Booknotes/The_Awakening/Chapter_4__-The_Awakening_by_K/chapter_4__-the_awakening_by_k.html
The Awakening	Chapter 5	https://web.archive.org/web/20210410180243/http://www.bookwolf.com/Free_Booknotes/The_Awakening/Chapter_5__-The_Awakening_by_K/chapter_5__-the_awakening_by_k.html
The Awakening	Chapter 6	https://web.archive.org/web/20210410180243/http://www.bookwolf.com/Free_Booknotes/The_Awakening/Chapter_6__-The_Awakening_by_K/chapter_6__-the_awakening_by_k.html
The Awakening	Chapter 7	https://web.archive.org/web/20210410180243/http://www.bookwolf.com/Free_Booknotes/The_Awakening/Chapter_7__-The_Awakening_by_K/chapter_7__-the_awakening_by_k.html
The Awakening	Chapter 8	https://web.archive.org/web/20210410180243/http://www.bookwolf.com/Free_Booknotes/The_Awakening/Chapter_8__-The_Awakening_by_K/chapter_8__-the_awakening_by_k.html
The Awakening	Chapter 9	https://web.archive.org/web/20210410180243/http://www.bookwolf.com/Free_Booknotes/The_Awakening/Chapter_9__-The_Awakening_by_K/chapter_9__-the_awakening_by_k.html
The Awakening	Chapter 10	https://web.archive.org/web/20210410180243/http://www.bookwolf.com/Free_Booknotes/The_Awakening/Chapter_10__-The_Awakening_by_/chapter_10__-the_awakening_by_.html
The Awakening	Chapter 11	https://web.archive.org/web/20210410180243/http://www.bookwolf.com/Free_Booknotes/The_Awakening/Chapter_11__-The_Awakening_by_/chapter_11__-the_awakening_by_.html
The Awakening	Chapter 12	https://web.archive.org/web/20210410180243/http://www.bookwolf.com/Free_Booknotes/The_Awakening/Chapter_12__-The_Awakening_by_/chapter_12__-the_awakening_by_.html
The Awakening	Chapter 13	https://web.archive.org/web/20210410180243/http://www.bookwolf.com/Free_Booknotes/The_Awakening/Chapter_13__-The_Awakening_by_/chapter_13__-the_awakening_by_.html
The Awakening	Chapter 14	https://web.archive.org/web/20210410180243/http://www.bookwolf.com/Free_Booknotes/The_Awakening/Chapter_14__-The_Awakening_by_/chapter_14__-the_awakening_by_.html
The Awakening	Chapter 15	https://web.archive.org/web/20210410180243/http://www.bookwolf.com/Free_Booknotes/The_Awakening/Chapter_15__-The_Awakening_by_/chapter_15__-the_awakening_by_.html
The Awakening	Chapter 16	https://web.archive.org/web/20210410180243/http://www.bookwolf.com/Free_Booknotes/The_Awakening/Chapter_16__-The_Awakening_by_/chapter_16__-the_awakening_by_.html
The Awakening	Chapter 17	https://web.archive.org/web/20210410180243/http://www.bookwolf.com/Free_Booknotes/The_Awakening/Chapter_17__-The_Awakening_by_/chapter_17__-the_awakening_by_.html
The Awakening	Chapter 18	https://web.archive.org/web/20210410180243/http://www.bookwolf.com/Free_Booknotes/The_Awakening/Chapter_18__-The_Awakening_by_/chapter_18__-the_awakening_by_.html
The Awakening	Chapter 19	https://web.archive.org/web/20210410180243/http://www.bookwolf.com/Free_Booknotes/The_Awakening/Chapter_19__-The_Awakening_by_/chapter_19__-the_awakening_by_.html
The Awakening	Chapter 20	https://web.archive.org/web/20210410180243/http://www.bookwolf.com/Free_Booknotes/The_Awakening/Chapter_20__-The_Awakening_by_/chapter_20__-the_awakening_by_.html
The Awakening	Chapter 21	https://web.archive.org/web/20210410180243/http://www.bookwolf.com/Free_Booknotes/The_Awakening/Chapter_21__-The_Awakening_by_/chapter_21__-the_awakening_by_.html
The Awakening	Chapter 22	https://web.archive.org/web/20210410180243/http://www.bookwolf.com/Free_Booknotes/The_Awakening/Chapter_22__-The_Awakening_by_/chapter_22__-the_awakening_by_.html
The Awakening	Chapter 23	https://web.archive.org/web/20210410180243/http://www.bookwolf.com/Free_Booknotes/The_Awakening/Chapter_23__-The_Awakening_by_/chapter_23__-the_awakening_by_.html
The Awakening	Chapter 24	https://web.archive.org/web/20210410180243/http://www.bookwolf.com/Free_Booknotes/The_Awakening/Chapter_24__-The_Awakening_by_/chapter_24__-the_awakening_by_.html
The Awakening	Chapter 25	https://web.archive.org/web/20210410180243/http://www.bookwolf.com/Free_Booknotes/The_Awakening/Chapter_25__-The_Awakening_by_/chapter_25__-the_awakening_by_.html
The Awakening	Chapter 26	https://web.archive.org/web/20210410180243/http://www.bookwolf.com/Free_Booknotes/The_Awakening/Chapter_26__-The_Awakening_by_/chapter_26__-the_awakening_by_.html
The Awakening	Chapter 27	https://web.archive.org/web/20210410180243/http://www.bookwolf.com/Free_Booknotes/The_Awakening/Chapter_27__-The_Awakening_by_/chapter_27__-the_awakening_by_.html
The Awakening	Chapter 28	https://web.archive.org/web/20210410180243/http://www.bookwolf.com/Free_Booknotes/The_Awakening/Chapter_28__-The_Awakening_by_/chapter_28__-the_awakening_by_.html
The Awakening	Chapter 29	https://web.archive.org/web/20210410180243/http://www.bookwolf.com/Free_Booknotes/The_Awakening/Chapter_29__-The_Awakening_by_/chapter_29__-the_awakening_by_.html
The Awakening	Chapter 30	https://web.archive.org/web/20210410180243/http://www.bookwolf.com/Free_Booknotes/The_Awakening/Chapter_30__-The_Awakening_by_/chapter_30__-the_awakening_by_.html
The Awakening	Chapter 31	https://web.archive.org/web/20210410180243/http://www.bookwolf.com/Free_Booknotes/The_Awakening/Chapter_31__-The_Awakening_by_/chapter_31__-the_awakening_by_.html
The Awakening	Chapter 32	https://web.archive.org/web/20210410180243/http://www.bookwolf.com/Free_Booknotes/The_Awakening/Chapter_32__-The_Awakening_by_/chapter_32__-the_awakening_by_.html
The Awakening	Chapter 33	https://web.archive.org/web/20210410180243/http://www.bookwolf.com/Free_Booknotes/The_Awakening/Chapter_33__-The_Awakening_by_/chapter_33__-the_awakening_by_.html
The Awakening	Chapter 34	https://web.archive.org/web/20210410180243/http://www.bookwolf.com/Free_Booknotes/The_Awakening/Chapter_34__-The_Awakening_by_/chapter_34__-the_awakening_by_.html
The Awakening	Chapter 35	https://web.archive.org/web/20210410180243/http://www.bookwolf.com/Free_Booknotes/The_Awakening/Chapter_35__-The_Awakening_by_/chapter_35__-the_awakening_by_.html
The Awakening	Chapter 36	https://web.archive.org/web/20210410180243/http://www.bookwolf.com/Free_Booknotes/The_Awakening/Chapter_36__-The_Awakening_by_/chapter_36__-the_awakening_by_.html
The Awakening	Chapter 37	https://web.archive.org/web/20210410180243/http://www.bookwolf.com/Free_Booknotes/The_Awakening/Chapter_37__-The_Awakening_by_/chapter_37__-the_awakening_by_.html
The Awakening	Chapter 38	https://web.archive.org/web/20210410180243/http://www.bookwolf.com/Free_Booknotes/The_Awakening/Chapter_38__-The_Awakening_by_/chapter_38__-the_awakening_by_.html
The Awakening	Chapter 39	https://web.archive.org/web/20210410180243/http://www.bookwolf.com/Free_Booknotes/The_Awakening/Chapter_39__-The_Awakening_by_/chapter_39__-the_awakening_by_.html
The Scarlet Letter	Chapter 1-2	https://web.archive.org/web/20210410052500/http://www.bookwolf.com/Free_Booknotes/The_Scarlet_Letter/Chap_1-_Scarlet_letter/chap_1-_scarlet_letter.html
The Scarlet Letter	Chapter 3	https://web.archive.org/web/20210410052500/http://www.bookwolf.com/Free_Booknotes/The_Scarlet_Letter/Chap_3-_Scarlet_letter/chap_3-_scarlet_letter.html
The Scarlet Letter	Chapter 4	https://web.archive.org/web/20210410052500/http://www.bookwolf.com/Free_Booknotes/The_Scarlet_Letter/Chap_4-_scarlet_letter/chap_4-_scarlet_letter.html
The Scarlet Letter	Chapter 5	https://web.archive.org/web/20210410052500/http://www.bookwolf.com/Free_Booknotes/The_Scarlet_Letter/Chap_5-_Scarlet_letter/chap_5-_scarlet_letter.html
The Scarlet Letter	Chapter 6	https://web.archive.org/web/20210410052500/http://www.bookwolf.com/Free_Booknotes/The_Scarlet_Letter/Chap_6-_Scarlet_letter/chap_6-_scarlet_letter.html
The Scarlet Letter	Chapter 7	https://web.archive.org/web/20210410052500/http://www.bookwolf.com/Free_Booknotes/The_Scarlet_Letter/Chap_7-_Scarlet_letter/chap_7-_scarlet_letter.html
The Scarlet Letter	Chapter 8	https://web.archive.org/web/20210410052500/http://www.bookwolf.com/Free_Booknotes/The_Scarlet_Letter/Chap_8-_Scarlet_letter/chap_8-_scarlet_letter.html
The Scarlet Letter	Chapter 9	https://web.archive.org/web/20210410052500/http://www.bookwolf.com/Free_Booknotes/The_Scarlet_Letter/Chap_9-_Scarlet_letter/chap_9-_scarlet_letter.html
The Scarlet Letter	Chapter 10	https://web.archive.org/web/20210410052500/http://www.bookwolf.com/Free_Booknotes/The_Scarlet_Letter/Chap_10-_Scarlet_letter/chap_10-_scarlet_letter.html
The Scarlet Letter	Chapter 11	https://web.archive.org/web/20210410052500/http://www.bookwolf.com/Free_Booknotes/The_Scarlet_Letter/Chap_11-_Scarlet_letter/chap_11-_scarlet_letter.html
The Scarlet Letter	Chapter 12	https://web.archive.org/web/20210410052500/http://www.bookwolf.com/Free_Booknotes/The_Scarlet_Letter/Chap_12-_Scarlet_letter/chap_12-_scarlet_letter.html
The Scarlet Letter	Chapter 13	https://web.archive.org/web/20210410052500/http://www.bookwolf.com/Free_Booknotes/The_Scarlet_Letter/Chap_13-_Scarlet_letter/chap_13-_scarlet_letter.html
The Scarlet Letter	Chapter 14	https://web.archive.org/web/20210410052500/http://www.bookwolf.com/Free_Booknotes/The_Scarlet_Letter/Chap_14-_Scarlet_letter/chap_14-_scarlet_letter.html
The Scarlet Letter	Chapter 15	https://web.archive.org/web/20210410052500/http://www.bookwolf.com/Free_Booknotes/The_Scarlet_Letter/Chap_15-_Scarlet_letter/chap_15-_scarlet_letter.html
The Scarlet Letter	Chapter 16	https://web.archive.org/web/20210410052500/http://www.bookwolf.com/Free_Booknotes/The_Scarlet_Letter/Chap_16-_Scarlet_letter/chap_16-_scarlet_letter.html
The Scarlet Letter	Chapter 17	https://web.archive.org/web/20210410052500/http://www.bookwolf.com/Free_Booknotes/The_Scarlet_Letter/Chap_17-_Scarlet_letter/chap_17-_scarlet_letter.html
The Scarlet Letter	Chapter 18	https://web.archive.org/web/20210410052500/http://www.bookwolf.com/Free_Booknotes/The_Scarlet_Letter/Chap_18-_Scarlet_letter/chap_18-_scarlet_letter.html
The Scarlet Letter	Chapter 19	https://web.archive.org/web/20210410052500/http://www.bookwolf.com/Free_Booknotes/The_Scarlet_Letter/Chap_19-_Scarlet_letter/chap_19-_scarlet_letter.html
The Scarlet Letter	Chapter 20	https://web.archive.org/web/20210410052500/http://www.bookwolf.com/Free_Booknotes/The_Scarlet_Letter/Chap_20-_Scarlet_letter/chap_20-_scarlet_letter.html
The Scarlet Letter	Chapter 21	https://web.archive.org/web/20210410052500/http://www.bookwolf.com/Free_Booknotes/The_Scarlet_Letter/Chap_21-_Scarlet_letter/chap_21-_scarlet_letter.html
The Scarlet Letter	Chapter 22	https://web.archive.org/web/20210410052500/http://www.bookwolf.com/Free_Booknotes/The_Scarlet_Letter/Chap_22-_Scarlet_letter/chap_22-_scarlet_letter.html
The Scarlet Letter	Chapter 23	https://web.archive.org/web/20210410052500/http://www.bookwolf.com/Free_Booknotes/The_Scarlet_Letter/Chap_23-_Scarlet_letter/chap_23-_scarlet_letter.html
The Scarlet Letter	Chapter 24	https://web.archive.org/web/20210410052500/http://www.bookwolf.com/Free_Booknotes/The_Scarlet_Letter/Chap_24-_Scarlet_letter/chap_24-_scarlet_letter.html
The Call of the Wild	Chapter 1	https://web.archive.org/web/20210226213001/http:/www.bookwolf.com/Free_Booknotes/CallofTheWild/chapter1.html
The Call of the Wild	Chapter 2	https://web.archive.org/web/20210226213001/http:/www.bookwolf.com/Free_Booknotes/CallofTheWild/chapter2.html
The Call of the Wild	Chapter 3	https://web.archive.org/web/20210226213001/http:/www.bookwolf.com/Free_Booknotes/CallofTheWild/chapter3.html
The Call of the Wild	Chapter 4	https://web.archive.org/web/20210226213001/http:/www.bookwolf.com/Free_Booknotes/CallofTheWild/chapter4.html
The Call of the Wild	Chapter 5	https://web.archive.org/web/20210226213001/http:/www.bookwolf.com/Free_Booknotes/CallofTheWild/chapter5.html
The Call of the Wild	Chapter 6	https://web.archive.org/web/20210226213001/http:/www.bookwolf.com/Free_Booknotes/CallofTheWild/chapter6.html
The Call of the Wild	Chapter 7	https://web.archive.org/web/20210226213001/http:/www.bookwolf.com/Free_Booknotes/CallofTheWild/chapter7.html
