Adam Bede	Book First, Chapters 1-8	https://web.archive.org/web/20180310100656/http://www.gradesaver.com/adam-bede/study-guide/summary-book-first-chapters-1-8
Adam Bede	Book First, Chapters 9-16	https://web.archive.org/web/20180310100656/http://www.gradesaver.com/adam-bede/study-guide/summary-book-first-chapters-9-16
Adam Bede	Book Second	https://web.archive.org/web/20180310100656/http://www.gradesaver.com/adam-bede/study-guide/summary-book-second
Adam Bede	Book Third	https://web.archive.org/web/20180310100656/http://www.gradesaver.com/adam-bede/study-guide/summary-book-third
Adam Bede	Book Fourth	https://web.archive.org/web/20180310100656/http://www.gradesaver.com/adam-bede/study-guide/summary-book-fourth
Adam Bede	Book Fifth	https://web.archive.org/web/20180310100656/http://www.gradesaver.com/adam-bede/study-guide/summary-book-fifth
Adam Bede	Book Sixth	https://web.archive.org/web/20180310100656/http://www.gradesaver.com/adam-bede/study-guide/summary-book-sixth
The Adventures of Huckleberry Finn	Chapter 1 to Chapter 5	https://web.archive.org/web/20201114002007/https://www.gradesaver.com/the-adventures-of-huckleberry-finn/study-guide/summary-chapter-1-to-chapter-5
The Adventures of Huckleberry Finn	Chapter 6 to Chapter 10	https://web.archive.org/web/20201114002007/https://www.gradesaver.com/the-adventures-of-huckleberry-finn/study-guide/summary-chapter-6-to-chapter-10
The Adventures of Huckleberry Finn	Chapter 11 to Chapter 15	https://web.archive.org/web/20201114002007/https://www.gradesaver.com/the-adventures-of-huckleberry-finn/study-guide/summary-chapter-11-to-chapter-15
The Adventures of Huckleberry Finn	Chapter 16 to Chapter 20	https://web.archive.org/web/20201114002007/https://www.gradesaver.com/the-adventures-of-huckleberry-finn/study-guide/summary-chapter-16-to-chapter-20
The Adventures of Huckleberry Finn	Chapter 21 to Chapter 25	https://web.archive.org/web/20201114002007/https://www.gradesaver.com/the-adventures-of-huckleberry-finn/study-guide/summary-chapter-21-to-chapter-25
The Adventures of Huckleberry Finn	Chapter 26 to Chapter 30	https://web.archive.org/web/20201114002007/https://www.gradesaver.com/the-adventures-of-huckleberry-finn/study-guide/summary-chapter-26-to-chapter-30
The Adventures of Huckleberry Finn	Chapter 31 to Chapter 35	https://web.archive.org/web/20201114002007/https://www.gradesaver.com/the-adventures-of-huckleberry-finn/study-guide/summary-chapter-31-to-chapter-35
The Adventures of Huckleberry Finn	Chapter 36 to Chapter 40	https://web.archive.org/web/20201114002007/https://www.gradesaver.com/the-adventures-of-huckleberry-finn/study-guide/summary-chapter-36-to-chapter-40
The Adventures of Huckleberry Finn	Chapter 41 to Chapter 43	https://web.archive.org/web/20201114002007/https://www.gradesaver.com/the-adventures-of-huckleberry-finn/study-guide/summary-chapter-41-to-chapter-43
The Adventures of Tom Sawyer	Chapters 1-7	https://web.archive.org/web/20201114003338/https://www.gradesaver.com/the-adventures-of-tom-sawyer/study-guide/summary-chapters-1-7
The Adventures of Tom Sawyer	Chapters 8-14	https://web.archive.org/web/20201114003338/https://www.gradesaver.com/the-adventures-of-tom-sawyer/study-guide/summary-chapters-8-14
The Adventures of Tom Sawyer	Chapters 15-21	https://web.archive.org/web/20201114003338/https://www.gradesaver.com/the-adventures-of-tom-sawyer/study-guide/summary-chapters-15-21
The Adventures of Tom Sawyer	Chapters 22-28	https://web.archive.org/web/20201114003338/https://www.gradesaver.com/the-adventures-of-tom-sawyer/study-guide/summary-chapters-22-28
The Adventures of Tom Sawyer	Chapters 29-35	https://web.archive.org/web/20201114003338/https://www.gradesaver.com/the-adventures-of-tom-sawyer/study-guide/summary-chapters-29-35
The Age of Innocence	Chapters 1-5	https://web.archive.org/web/20210126202321/https://www.gradesaver.com/the-age-of-innocence/study-guide/summary-chapters-1-5
The Age of Innocence	Chapters 6-10	https://web.archive.org/web/20210126202321/https://www.gradesaver.com/the-age-of-innocence/study-guide/summary-chapters-6-10
The Age of Innocence	Chapters 11-15	https://web.archive.org/web/20210126202321/https://www.gradesaver.com/the-age-of-innocence/study-guide/summary-chapters-11-15
The Age of Innocence	Chapters 16-20	https://web.archive.org/web/20210126202321/https://www.gradesaver.com/the-age-of-innocence/study-guide/summary-chapters-16-20
The Age of Innocence	Chapters 21-25	https://web.archive.org/web/20210126202321/https://www.gradesaver.com/the-age-of-innocence/study-guide/summary-chapters-21-25
The Age of Innocence	Chapters 26-30	https://web.archive.org/web/20210126202321/https://www.gradesaver.com/the-age-of-innocence/study-guide/summary-chapters-26-30
The Age of Innocence	Chapters 30-34	https://web.archive.org/web/20210126202321/https://www.gradesaver.com/the-age-of-innocence/study-guide/summary-chapters-30-34
Alice in Wonderland	Chapters 1-3	https://web.archive.org/web/20210126150451/https://www.gradesaver.com/alice-in-wonderland/study-guide/summary-chapters-1-3
Alice in Wonderland	Chapters 4-6	https://web.archive.org/web/20210126150451/https://www.gradesaver.com/alice-in-wonderland/study-guide/summary-chapters-4-6
Alice in Wonderland	Chapters 7-9	https://web.archive.org/web/20210126150451/https://www.gradesaver.com/alice-in-wonderland/study-guide/summary-chapters-7-9
Alice in Wonderland	Chapters 10-12	https://web.archive.org/web/20210126150451/https://www.gradesaver.com/alice-in-wonderland/study-guide/summary-chapters-10-12
The Ambassadors	Volume I, Books 1-2	https://web.archive.org/web/20201127014010/https://www.gradesaver.com/the-ambassadors/study-guide/summary-volume-i-books-1-2
The Ambassadors	Volume I, Books 3-4	https://web.archive.org/web/20201127014010/https://www.gradesaver.com/the-ambassadors/study-guide/summary-volume-i-books-3-4
The Ambassadors	Volume I, Books 5-6	https://web.archive.org/web/20201127014010/https://www.gradesaver.com/the-ambassadors/study-guide/summary-volume-i-books-5-6
The Ambassadors	Volume II, Books 7-8	https://web.archive.org/web/20201127014010/https://www.gradesaver.com/the-ambassadors/study-guide/summary-volume-ii-books-7-8
The Ambassadors	Volume II, Books 9-10	https://web.archive.org/web/20201127014010/https://www.gradesaver.com/the-ambassadors/study-guide/summary-volume-ii-books-9-10
The Ambassadors	Volume II, Books 11-12	https://web.archive.org/web/20201127014010/https://www.gradesaver.com/the-ambassadors/study-guide/summary-volume-ii-books-11-12
The American	Chapters 1-4	https://web.archive.org/web/20210205072922/https://www.gradesaver.com/the-american/study-guide/summary-chapters-1-4
The American	Chapters 5-8	https://web.archive.org/web/20210205072922/https://www.gradesaver.com/the-american/study-guide/summary-chapters-5-8
The American	Chapters 9-13	https://web.archive.org/web/20210205072922/https://www.gradesaver.com/the-american/study-guide/summary-chapters-9-13
The American	Chapters 14-17	https://web.archive.org/web/20210205072922/https://www.gradesaver.com/the-american/study-guide/summary-chapters-14-17
The American	18-21	https://web.archive.org/web/20210205072922/https://www.gradesaver.com/the-american/study-guide/summary-18-21
The American	22-26	https://web.archive.org/web/20210205072922/https://www.gradesaver.com/the-american/study-guide/summary-22-26
Anna Karenina	Part One	https://web.archive.org/web/20201114001502/https://www.gradesaver.com/anna-karenina/study-guide/summary-part-one
Anna Karenina	Part Two	https://web.archive.org/web/20201114001502/https://www.gradesaver.com/anna-karenina/study-guide/summary-part-two
Anna Karenina	Part Three	https://web.archive.org/web/20201114001502/https://www.gradesaver.com/anna-karenina/study-guide/summary-part-three
Anna Karenina	Part Four	https://web.archive.org/web/20201114001502/https://www.gradesaver.com/anna-karenina/study-guide/summary-part-four
Anna Karenina	Part Five	https://web.archive.org/web/20201114001502/https://www.gradesaver.com/anna-karenina/study-guide/summary-part-five
Anna Karenina	Part Six	https://web.archive.org/web/20201114001502/https://www.gradesaver.com/anna-karenina/study-guide/summary-part-six
Anna Karenina	Part Seven	https://web.archive.org/web/20201114001502/https://www.gradesaver.com/anna-karenina/study-guide/summary-part-seven
Anna Karenina	Part Eight	https://web.archive.org/web/20201114001502/https://www.gradesaver.com/anna-karenina/study-guide/summary-part-eight
Anthem	Chapter One	https://web.archive.org/web/20180312192507/http://www.gradesaver.com/anthem/study-guide/summary-chapter-one
Anthem	Chapter Two	https://web.archive.org/web/20180312192507/http://www.gradesaver.com/anthem/study-guide/summary-chapter-two
Anthem	Chapter Three	https://web.archive.org/web/20180312192507/http://www.gradesaver.com/anthem/study-guide/summary-chapter-three
Anthem	Chapter Four	https://web.archive.org/web/20180312192507/http://www.gradesaver.com/anthem/study-guide/summary-chapter-four
Anthem	Chapter Five	https://web.archive.org/web/20180312192507/http://www.gradesaver.com/anthem/study-guide/summary-chapter-five
Anthem	Chapter Six	https://web.archive.org/web/20180312192507/http://www.gradesaver.com/anthem/study-guide/summary-chapter-six
Anthem	Chapter Seven	https://web.archive.org/web/20180312192507/http://www.gradesaver.com/anthem/study-guide/summary-chapter-seven
Anthem	Chapter Eight	https://web.archive.org/web/20180312192507/http://www.gradesaver.com/anthem/study-guide/summary-chapter-eight
Anthem	Chapter Nine	https://web.archive.org/web/20180312192507/http://www.gradesaver.com/anthem/study-guide/summary-chapter-nine
Anthem	Chapter Ten	https://web.archive.org/web/20180312192507/http://www.gradesaver.com/anthem/study-guide/summary-chapter-ten
Anthem	Chapter Eleven	https://web.archive.org/web/20180312192507/http://www.gradesaver.com/anthem/study-guide/summary-chapter-eleven
Anthem	Chapter Twelve	https://web.archive.org/web/20180312192507/http://www.gradesaver.com/anthem/study-guide/summary-chapter-twelve
The Awakening	Chapters 1-3	https://web.archive.org/web/20201114003351/https://www.gradesaver.com/the-awakening/study-guide/summary-chapters-1-3
The Awakening	Chapters 4-6	https://web.archive.org/web/20201114003351/https://www.gradesaver.com/the-awakening/study-guide/summary-chapters-4-6
The Awakening	Chapters 7-9	https://web.archive.org/web/20201114003351/https://www.gradesaver.com/the-awakening/study-guide/summary-chapters-7-9
The Awakening	Chapters 10-12	https://web.archive.org/web/20201114003351/https://www.gradesaver.com/the-awakening/study-guide/summary-chapters-10-12
The Awakening	Chapters 13-15	https://web.archive.org/web/20201114003351/https://www.gradesaver.com/the-awakening/study-guide/summary-chapters-13-15
The Awakening	Chapters 16-18	https://web.archive.org/web/20201114003351/https://www.gradesaver.com/the-awakening/study-guide/summary-chapters-16-18
The Awakening	Chapters 19-21	https://web.archive.org/web/20201114003351/https://www.gradesaver.com/the-awakening/study-guide/summary-chapters-19-21
The Awakening	Chapters 22-24	https://web.archive.org/web/20201114003351/https://www.gradesaver.com/the-awakening/study-guide/summary-chapters-22-24
The Awakening	Chapters 25-27	https://web.archive.org/web/20201114003351/https://www.gradesaver.com/the-awakening/study-guide/summary-chapters-25-27
The Awakening	Chapters 28-30	https://web.archive.org/web/20201114003351/https://www.gradesaver.com/the-awakening/study-guide/summary-chapters-28-30
The Awakening	Chapters 31-33	https://web.archive.org/web/20201114003351/https://www.gradesaver.com/the-awakening/study-guide/summary-chapters-31-33
The Awakening	Chapters 34-36	https://web.archive.org/web/20201114003351/https://www.gradesaver.com/the-awakening/study-guide/summary-chapters-34-36
The Awakening	Chapters 37-39	https://web.archive.org/web/20201114003351/https://www.gradesaver.com/the-awakening/study-guide/summary-chapters-37-39
Babbitt	Chapters I-III	https://web.archive.org/web/20180423144610/http://www.gradesaver.com/babbitt/study-guide/summary-chapters-i-iii
Babbitt	Chapters IV-VI	https://web.archive.org/web/20180423144610/http://www.gradesaver.com/babbitt/study-guide/summary-chapters-iv-vi
Babbitt	Chapters VII-X	https://web.archive.org/web/20180423144610/http://www.gradesaver.com/babbitt/study-guide/summary-chapters-vii-x
Babbitt	Chapters XI-XIV	https://web.archive.org/web/20180423144610/http://www.gradesaver.com/babbitt/study-guide/summary-chapters-xi-xiv
Babbitt	Chapters XV-XVIII	https://web.archive.org/web/20180423144610/http://www.gradesaver.com/babbitt/study-guide/summary-chapters-xv-xviii
Babbitt	Chapters XIX-XXII	https://web.archive.org/web/20180423144610/http://www.gradesaver.com/babbitt/study-guide/summary-chapters-xix-xxii
Babbitt	Chapters XXIII-XXVI	https://web.archive.org/web/20180423144610/http://www.gradesaver.com/babbitt/study-guide/summary-chapters-xxiii-xxvi
Babbitt	Chapters XXVII-XXX	https://web.archive.org/web/20180423144610/http://www.gradesaver.com/babbitt/study-guide/summary-chapters-xxvii-xxx
Babbitt	Chapters XXXI-XXXIV	https://web.archive.org/web/20180423144610/http://www.gradesaver.com/babbitt/study-guide/summary-chapters-xxxi-xxxiv
Bleak House	Chapters 1-4	https://web.archive.org/web/20200917203217/https://www.gradesaver.com/bleak-house/study-guide/summary-chapters-1-4
Bleak House	Chapters 5-7	https://web.archive.org/web/20200917203217/https://www.gradesaver.com/bleak-house/study-guide/summary-chapters-5-7
Bleak House	Chapters 8-10	https://web.archive.org/web/20200917203217/https://www.gradesaver.com/bleak-house/study-guide/summary-chapters-8-10
Bleak House	Chapters 11-13	https://web.archive.org/web/20200917203217/https://www.gradesaver.com/bleak-house/study-guide/summary-chapters-11-13
Bleak House	Chapters 14-16	https://web.archive.org/web/20200917203217/https://www.gradesaver.com/bleak-house/study-guide/summary-chapters-14-16
Bleak House	Chapters 17-19	https://web.archive.org/web/20200917203217/https://www.gradesaver.com/bleak-house/study-guide/summary-chapters-17-19
Bleak House	Chapters 20-22	https://web.archive.org/web/20200917203217/https://www.gradesaver.com/bleak-house/study-guide/summary-chapters-20-22
Bleak House	Chapters 23-25	https://web.archive.org/web/20200917203217/https://www.gradesaver.com/bleak-house/study-guide/summary-chapters-23-25
Bleak House	Chapters 26-29	https://web.archive.org/web/20200917203217/https://www.gradesaver.com/bleak-house/study-guide/summary-chapters-26-29
Bleak House	Chapters 30-32	https://web.archive.org/web/20200917203217/https://www.gradesaver.com/bleak-house/study-guide/summary-chapters-30-32
Bleak House	Chapters 33-35	https://web.archive.org/web/20200917203217/https://www.gradesaver.com/bleak-house/study-guide/summary-chapters-33-35
Bleak House	Chapters 36-38	https://web.archive.org/web/20200917203217/https://www.gradesaver.com/bleak-house/study-guide/summary-chapters-36-38
Bleak House	Chapters 39-42	https://web.archive.org/web/20200917203217/https://www.gradesaver.com/bleak-house/study-guide/summary-chapters-39-42
Bleak House	Chapters 43-46	https://web.archive.org/web/20200917203217/https://www.gradesaver.com/bleak-house/study-guide/summary-chapters-43-46
Bleak House	Chapters 47-49	https://web.archive.org/web/20200917203217/https://www.gradesaver.com/bleak-house/study-guide/summary-chapters-47-49
Bleak House	Chapters 50-53	https://web.archive.org/web/20200917203217/https://www.gradesaver.com/bleak-house/study-guide/summary-chapters-50-53
Bleak House	Chapters 54-56	https://web.archive.org/web/20200917203217/https://www.gradesaver.com/bleak-house/study-guide/summary-chapters-54-56
Bleak House	Chapters 57-59	https://web.archive.org/web/20200917203217/https://www.gradesaver.com/bleak-house/study-guide/summary-chapters-57-59
Bleak House	Chapters 60-63	https://web.archive.org/web/20200917203217/https://www.gradesaver.com/bleak-house/study-guide/summary-chapters-60-63
Bleak House	Chapters 64-67	https://web.archive.org/web/20200917203217/https://www.gradesaver.com/bleak-house/study-guide/summary-chapters-64-67
The Brothers Karamazov	Book 1	https://web.archive.org/web/20201114000230/https://www.gradesaver.com/the-brothers-karamazov/study-guide/summary-book-1
The Brothers Karamazov	Book 2	https://web.archive.org/web/20201114000230/https://www.gradesaver.com/the-brothers-karamazov/study-guide/summary-book-2
The Brothers Karamazov	Book 3	https://web.archive.org/web/20201114000230/https://www.gradesaver.com/the-brothers-karamazov/study-guide/summary-book-3
The Brothers Karamazov	Book 4	https://web.archive.org/web/20201114000230/https://www.gradesaver.com/the-brothers-karamazov/study-guide/summary-book-4
The Brothers Karamazov	Book 5	https://web.archive.org/web/20201114000230/https://www.gradesaver.com/the-brothers-karamazov/study-guide/summary-book-5
The Brothers Karamazov	Book 6	https://web.archive.org/web/20201114000230/https://www.gradesaver.com/the-brothers-karamazov/study-guide/summary-book-6
The Brothers Karamazov	Book 7	https://web.archive.org/web/20201114000230/https://www.gradesaver.com/the-brothers-karamazov/study-guide/summary-book-7
The Brothers Karamazov	Book 8	https://web.archive.org/web/20201114000230/https://www.gradesaver.com/the-brothers-karamazov/study-guide/summary-book-8
The Brothers Karamazov	Book 9	https://web.archive.org/web/20201114000230/https://www.gradesaver.com/the-brothers-karamazov/study-guide/summary-book-9
The Brothers Karamazov	Book 10	https://web.archive.org/web/20201114000230/https://www.gradesaver.com/the-brothers-karamazov/study-guide/summary-book-10
The Brothers Karamazov	Book 11	https://web.archive.org/web/20201114000230/https://www.gradesaver.com/the-brothers-karamazov/study-guide/summary-book-11
The Brothers Karamazov	Book 12	https://web.archive.org/web/20201114000230/https://www.gradesaver.com/the-brothers-karamazov/study-guide/summary-book-12
The Brothers Karamazov	Epilogue	https://web.archive.org/web/20201114000230/https://www.gradesaver.com/the-brothers-karamazov/study-guide/summary-epilogue
Candide	Chapters I-IV	https://web.archive.org/web/20210410201009/https://www.gradesaver.com/candide/study-guide/summary-chapters-i-iv
Candide	Chapters V-XII	https://web.archive.org/web/20210410201009/https://www.gradesaver.com/candide/study-guide/summary-chapters-v-xii
Candide	Chapters XIII-XX	https://web.archive.org/web/20210410201009/https://www.gradesaver.com/candide/study-guide/summary-chapters-xiii-xx
Candide	Chapters XXI-XXV	https://web.archive.org/web/20210410201009/https://www.gradesaver.com/candide/study-guide/summary-chapters-xxi-xxv
Candide	Chapters XXVI-XXX	https://web.archive.org/web/20210410201009/https://www.gradesaver.com/candide/study-guide/summary-chapters-xxvi-xxx
A Christmas Carol	Stave One	https://web.archive.org/web/20201129041845/https://www.gradesaver.com/a-christmas-carol/study-guide/summary-stave-one
A Christmas Carol	Stave Two	https://web.archive.org/web/20201129041845/https://www.gradesaver.com/a-christmas-carol/study-guide/summary-stave-two
A Christmas Carol	Stave Three	https://web.archive.org/web/20201129041845/https://www.gradesaver.com/a-christmas-carol/study-guide/summary-stave-three
A Christmas Carol	Stave Four	https://web.archive.org/web/20201129041845/https://www.gradesaver.com/a-christmas-carol/study-guide/summary-stave-four
A Christmas Carol	Stave Five	https://web.archive.org/web/20201129041845/https://www.gradesaver.com/a-christmas-carol/study-guide/summary-stave-five
Connecticut Yankee in King Arthur's Court	Chapters 1-9	https://web.archive.org/web/20210417151110/https://www.gradesaver.com/connecticut-yankee-in-king-arthurs-court/study-guide/summary-chapters-1-9
Connecticut Yankee in King Arthur's Court	Chapters 10-18	https://web.archive.org/web/20210417151110/https://www.gradesaver.com/connecticut-yankee-in-king-arthurs-court/study-guide/summary-chapters-10-18
Connecticut Yankee in King Arthur's Court	Chapters 19-27	https://web.archive.org/web/20210417151110/https://www.gradesaver.com/connecticut-yankee-in-king-arthurs-court/study-guide/summary-chapters-19-27
Connecticut Yankee in King Arthur's Court	Chapters 28-35	https://web.archive.org/web/20210417151110/https://www.gradesaver.com/connecticut-yankee-in-king-arthurs-court/study-guide/summary-chapters-28-35
Connecticut Yankee in King Arthur's Court	Chapters 36-45	https://web.archive.org/web/20210417151110/https://www.gradesaver.com/connecticut-yankee-in-king-arthurs-court/study-guide/summary-chapters-36-45
The Count of Monte Cristo	Chapters 1-10	https://web.archive.org/web/20210125021006/https://www.gradesaver.com/the-count-of-monte-cristo/study-guide/summary-chapters-1-10
The Count of Monte Cristo	Chapters 11-20	https://web.archive.org/web/20210125021006/https://www.gradesaver.com/the-count-of-monte-cristo/study-guide/summary-chapters-11-20
The Count of Monte Cristo	Chapters 21-30	https://web.archive.org/web/20210125021006/https://www.gradesaver.com/the-count-of-monte-cristo/study-guide/summary-chapters-21-30
The Count of Monte Cristo	Chapters 31-40	https://web.archive.org/web/20210125021006/https://www.gradesaver.com/the-count-of-monte-cristo/study-guide/summary-chapters-31-40
The Count of Monte Cristo	Chapters 41-50	https://web.archive.org/web/20210125021006/https://www.gradesaver.com/the-count-of-monte-cristo/study-guide/summary-chapters-41-50
The Count of Monte Cristo	Chapters 51-60	https://web.archive.org/web/20210125021006/https://www.gradesaver.com/the-count-of-monte-cristo/study-guide/summary-chapters-51-60
The Count of Monte Cristo	Chapters 61-73	https://web.archive.org/web/20210125021006/https://www.gradesaver.com/the-count-of-monte-cristo/study-guide/summary-chapters-61-73
Crime and Punishment	Part One, Chapters 1-4	https://web.archive.org/web/20210126111737/https://www.gradesaver.com/crime-and-punishment/study-guide/summary-part-one-chapters-1-4
Crime and Punishment	Part One, Chapters 5-7	https://web.archive.org/web/20210126111737/https://www.gradesaver.com/crime-and-punishment/study-guide/summary-part-one-chapters-5-7
Crime and Punishment	Part Two, Chapters 1-4	https://web.archive.org/web/20210126111737/https://www.gradesaver.com/crime-and-punishment/study-guide/summary-part-two-chapters-1-4
Crime and Punishment	Part Two, Chapters 5-7	https://web.archive.org/web/20210126111737/https://www.gradesaver.com/crime-and-punishment/study-guide/summary-part-two-chapters-5-7
Crime and Punishment	Part Three, Chapters 1-6	https://web.archive.org/web/20210126111737/https://www.gradesaver.com/crime-and-punishment/study-guide/summary-part-three-chapters-1-6
Crime and Punishment	Part Four, Chapters 1-6	https://web.archive.org/web/20210126111737/https://www.gradesaver.com/crime-and-punishment/study-guide/summary-part-four-chapters-1-6
Crime and Punishment	Part Five, Chapters 1-5	https://web.archive.org/web/20210126111737/https://www.gradesaver.com/crime-and-punishment/study-guide/summary-part-five-chapters-1-5
Crime and Punishment	Part Six, Chapters 1-4	https://web.archive.org/web/20210126111737/https://www.gradesaver.com/crime-and-punishment/study-guide/summary-part-six-chapters-1-4
Crime and Punishment	Part Six, Chapters 5-8	https://web.archive.org/web/20210126111737/https://www.gradesaver.com/crime-and-punishment/study-guide/summary-part-six-chapters-5-8
Crime and Punishment	Part Seven, Chapters 1-2	https://web.archive.org/web/20210126111737/https://www.gradesaver.com/crime-and-punishment/study-guide/summary-part-seven-chapters-1-2
David Copperfield	Chapters 1-5	https://web.archive.org/web/20210418221935/https://www.gradesaver.com/david-copperfield/study-guide/summary-chapters-1-5
David Copperfield	Chapters 6-10	https://web.archive.org/web/20210418221935/https://www.gradesaver.com/david-copperfield/study-guide/summary-chapters-6-10
David Copperfield	Chapters 11-15	https://web.archive.org/web/20210418221935/https://www.gradesaver.com/david-copperfield/study-guide/summary-chapters-11-15
David Copperfield	Chapters 16-20	https://web.archive.org/web/20210418221935/https://www.gradesaver.com/david-copperfield/study-guide/summary-chapters-16-20
David Copperfield	Chapters 21-25	https://web.archive.org/web/20210418221935/https://www.gradesaver.com/david-copperfield/study-guide/summary-chapters-21-25
David Copperfield	Chapters 26-30	https://web.archive.org/web/20210418221935/https://www.gradesaver.com/david-copperfield/study-guide/summary-chapters-26-30
David Copperfield	Chapters 31-35	https://web.archive.org/web/20210418221935/https://www.gradesaver.com/david-copperfield/study-guide/summary-chapters-31-35
David Copperfield	Chapters 36-45	https://web.archive.org/web/20210418221935/https://www.gradesaver.com/david-copperfield/study-guide/summary-chapters-36-45
David Copperfield	Chapters 46-50	https://web.archive.org/web/20210418221935/https://www.gradesaver.com/david-copperfield/study-guide/summary-chapters-46-50
David Copperfield	Chapters 51-55	https://web.archive.org/web/20210418221935/https://www.gradesaver.com/david-copperfield/study-guide/summary-chapters-51-55
David Copperfield	Chapters 56-64	https://web.archive.org/web/20210418221935/https://www.gradesaver.com/david-copperfield/study-guide/summary-chapters-56-64
Dracula	Chapter 1-5	https://web.archive.org/web/20201129190035/https://www.gradesaver.com/dracula/study-guide/summary-chapter-1-5
Dracula	Chapter 6-10	https://web.archive.org/web/20201129190035/https://www.gradesaver.com/dracula/study-guide/summary-chapter-6-10
Dracula	Chapter 11-15	https://web.archive.org/web/20201129190035/https://www.gradesaver.com/dracula/study-guide/summary-chapter-11-15
Dracula	Chapter 16-20	https://web.archive.org/web/20201129190035/https://www.gradesaver.com/dracula/study-guide/summary-chapter-16-20
Dracula	Chapter 21-24	https://web.archive.org/web/20201129190035/https://www.gradesaver.com/dracula/study-guide/summary-chapter-21-24
Dracula	Chapter 25-27	https://web.archive.org/web/20201129190035/https://www.gradesaver.com/dracula/study-guide/summary-chapter-25-27
Dr. Jekyll and Mr. Hyde	Chapters 1-3	https://web.archive.org/web/20210410173945/https://www.gradesaver.com/dr-jekyll-and-mr-hyde/study-guide/summary-chapters-1-3
Dr. Jekyll and Mr. Hyde	Chapters 4-6	https://web.archive.org/web/20210410173945/https://www.gradesaver.com/dr-jekyll-and-mr-hyde/study-guide/summary-chapters-4-6
Dr. Jekyll and Mr. Hyde	Chapters 7-8	https://web.archive.org/web/20210410173945/https://www.gradesaver.com/dr-jekyll-and-mr-hyde/study-guide/summary-chapters-7-8
Dr. Jekyll and Mr. Hyde	Chapters 9-10	https://web.archive.org/web/20210410173945/https://www.gradesaver.com/dr-jekyll-and-mr-hyde/study-guide/summary-chapters-9-10
Dubliners	The Sisters	https://web.archive.org/web/20210410202618/https://www.gradesaver.com/dubliners/study-guide/summary-the-sisters
Dubliners	An Encounter	https://web.archive.org/web/20210410202618/https://www.gradesaver.com/dubliners/study-guide/summary-an-encounter
Dubliners	Araby	https://web.archive.org/web/20210410202618/https://www.gradesaver.com/dubliners/study-guide/summary-araby
Dubliners	Eveline	https://web.archive.org/web/20210410202618/https://www.gradesaver.com/dubliners/study-guide/summary-eveline
Dubliners	After the Race	https://web.archive.org/web/20210410202618/https://www.gradesaver.com/dubliners/study-guide/summary-after-the-race
Dubliners	Two Gallants	https://web.archive.org/web/20210410202618/https://www.gradesaver.com/dubliners/study-guide/summary-two-gallants
Dubliners	The Boarding House	https://web.archive.org/web/20210410202618/https://www.gradesaver.com/dubliners/study-guide/summary-the-boarding-house
Dubliners	A Little Cloud	https://web.archive.org/web/20210410202618/https://www.gradesaver.com/dubliners/study-guide/summary-a-little-cloud
Dubliners	Counterparts	https://web.archive.org/web/20210410202618/https://www.gradesaver.com/dubliners/study-guide/summary-counterparts
Dubliners	Clay	https://web.archive.org/web/20210410202618/https://www.gradesaver.com/dubliners/study-guide/summary-clay
Dubliners	A Painful Case	https://web.archive.org/web/20210410202618/https://www.gradesaver.com/dubliners/study-guide/summary-a-painful-case
Dubliners	Ivy Day in the Committee Room	https://web.archive.org/web/20210410202618/https://www.gradesaver.com/dubliners/study-guide/summary-ivy-day-in-the-committee-room
Dubliners	A Mother	https://web.archive.org/web/20210410202618/https://www.gradesaver.com/dubliners/study-guide/summary-a-mother
Dubliners	Grace	https://web.archive.org/web/20210410202618/https://www.gradesaver.com/dubliners/study-guide/summary-grace
Dubliners	The Dead	https://web.archive.org/web/20210410202618/https://www.gradesaver.com/dubliners/study-guide/summary-the-dead
Emma	Chapters 1-7	https://web.archive.org/web/20210126054337/https://www.gradesaver.com/emma/study-guide/summary-chapters-1-7
Emma	Chapters 8-14	https://web.archive.org/web/20210126054337/https://www.gradesaver.com/emma/study-guide/summary-chapters-8-14
Emma	Chapters 15-21	https://web.archive.org/web/20210126054337/https://www.gradesaver.com/emma/study-guide/summary-chapters-15-21
Emma	Chapters 22-28	https://web.archive.org/web/20210126054337/https://www.gradesaver.com/emma/study-guide/summary-chapters-22-28
Emma	Chapters 29-35	https://web.archive.org/web/20210126054337/https://www.gradesaver.com/emma/study-guide/summary-chapters-29-35
Emma	Chapters 36-42	https://web.archive.org/web/20210126054337/https://www.gradesaver.com/emma/study-guide/summary-chapters-36-42
Emma	Chapters 43-49	https://web.archive.org/web/20210126054337/https://www.gradesaver.com/emma/study-guide/summary-chapters-43-49
Emma	Chapters 50-55	https://web.archive.org/web/20210126054337/https://www.gradesaver.com/emma/study-guide/summary-chapters-50-55
Ethan Frome	Prelude and Chapters 1-2	https://web.archive.org/web/20210410230718/https://www.gradesaver.com/ethan-frome/study-guide/summary-prelude-and-chapters-1-2
Ethan Frome	Chapters 3-5	https://web.archive.org/web/20210410230718/https://www.gradesaver.com/ethan-frome/study-guide/summary-chapters-3-5
Ethan Frome	Chapters 6-8	https://web.archive.org/web/20210410230718/https://www.gradesaver.com/ethan-frome/study-guide/summary-chapters-6-8
Ethan Frome	Chapters 9-10	https://web.archive.org/web/20210410230718/https://www.gradesaver.com/ethan-frome/study-guide/summary-chapters-9-10
Far from the Madding Crowd	Chapters 1-4	https://web.archive.org/web/20210108004047/https://www.gradesaver.com/far-from-the-madding-crowd/study-guide/summary-chapters-1-4
Far from the Madding Crowd	Chapters 5-13	https://web.archive.org/web/20210108004047/https://www.gradesaver.com/far-from-the-madding-crowd/study-guide/summary-chapters-5-13
Far from the Madding Crowd	Chapters 14-20	https://web.archive.org/web/20210108004047/https://www.gradesaver.com/far-from-the-madding-crowd/study-guide/summary-chapters-14-20
Far from the Madding Crowd	Chapters 21-27	https://web.archive.org/web/20210108004047/https://www.gradesaver.com/far-from-the-madding-crowd/study-guide/summary-chapters-21-27
Far from the Madding Crowd	Chapters 28-31	https://web.archive.org/web/20210108004047/https://www.gradesaver.com/far-from-the-madding-crowd/study-guide/summary-chapters-28-31
Far from the Madding Crowd	Chapters 32-37	https://web.archive.org/web/20210108004047/https://www.gradesaver.com/far-from-the-madding-crowd/study-guide/summary-chapters-32-37
Far from the Madding Crowd	Chapters 38-45	https://web.archive.org/web/20210108004047/https://www.gradesaver.com/far-from-the-madding-crowd/study-guide/summary-chapters-38-45
Far from the Madding Crowd	Chapters 46-53	https://web.archive.org/web/20210108004047/https://www.gradesaver.com/far-from-the-madding-crowd/study-guide/summary-chapters-46-53
Far from the Madding Crowd	Chapters 54-Conclusion	https://web.archive.org/web/20210108004047/https://www.gradesaver.com/far-from-the-madding-crowd/study-guide/summary-chapters-54-conclusion
Frankenstein	Letters 1-4	https://web.archive.org/web/20210118171252/https://www.gradesaver.com/frankenstein/study-guide/summary-letters-1-4
Frankenstein	Chapters 1-4	https://web.archive.org/web/20210118171252/https://www.gradesaver.com/frankenstein/study-guide/summary-chapters-1-4
Frankenstein	Chapters 5-8	https://web.archive.org/web/20210118171252/https://www.gradesaver.com/frankenstein/study-guide/summary-chapters-5-8
Frankenstein	Chapters 9-12	https://web.archive.org/web/20210118171252/https://www.gradesaver.com/frankenstein/study-guide/summary-chapters-9-12
Frankenstein	Chapters 13-16	https://web.archive.org/web/20210118171252/https://www.gradesaver.com/frankenstein/study-guide/summary-chapters-13-16
Frankenstein	Chapters 17-20	https://web.archive.org/web/20210118171252/https://www.gradesaver.com/frankenstein/study-guide/summary-chapters-17-20
Frankenstein	Chapters 21-24	https://web.archive.org/web/20210118171252/https://www.gradesaver.com/frankenstein/study-guide/summary-chapters-21-24
Frankenstein	Walton, continued	https://web.archive.org/web/20210118171252/https://www.gradesaver.com/frankenstein/study-guide/summary-walton-continued
Great Expectations	Part I, Chapters 1-10 (1-10)	https://web.archive.org/web/20210225082303/https://www.gradesaver.com/great-expectations/study-guide/summary-part-i-chapters-1-10-1-10
Great Expectations	Part I, Chapters 11-19 (11-19)	https://web.archive.org/web/20210225082303/https://www.gradesaver.com/great-expectations/study-guide/summary-part-i-chapters-11-19-11-19
Great Expectations	Part II, Chapters 1-10 (20-29)	https://web.archive.org/web/20210225082303/https://www.gradesaver.com/great-expectations/study-guide/summary-part-ii-chapters-1-10-20-29
Great Expectations	Part II, Chapters 11-20 (30-39)	https://web.archive.org/web/20210225082303/https://www.gradesaver.com/great-expectations/study-guide/summary-part-ii-chapters-11-20-30-39
Great Expectations	Part III, Chapters 1-10 (40-49)	https://web.archive.org/web/20210225082303/https://www.gradesaver.com/great-expectations/study-guide/summary-part-iii-chapters-1-10-40-49
Great Expectations	Part III, Chapters 11-20 (50-59)	https://web.archive.org/web/20210225082303/https://www.gradesaver.com/great-expectations/study-guide/summary-part-iii-chapters-11-20-50-59
Gulliver's Travels	Part I, "A Voyage to Lilliput" Chapters I-II	https://web.archive.org/web/20210118171332/https://www.gradesaver.com/gullivers-travels/study-guide/summary-part-i-a-voyage-to-lilliput-chapters-i-ii
Gulliver's Travels	Part I, Chapters III-IV	https://web.archive.org/web/20210118171332/https://www.gradesaver.com/gullivers-travels/study-guide/summary-part-i-chapters-iii-iv
Gulliver's Travels	Part I, Chapters V-VIII	https://web.archive.org/web/20210118171332/https://www.gradesaver.com/gullivers-travels/study-guide/summary-part-i-chapters-v-viii
Gulliver's Travels	Part II, "A Voyage to Brobdingnag"	https://web.archive.org/web/20210118171332/https://www.gradesaver.com/gullivers-travels/study-guide/summary-part-ii-a-voyage-to-brobdingnag
Gulliver's Travels	Part III, "A Voyage to Laputa ... and Japan"	https://web.archive.org/web/20210118171332/https://www.gradesaver.com/gullivers-travels/study-guide/summary-part-iii-a-voyage-to-laputa--and-japan
Gulliver's Travels	Part IV, "A Voyage to the Country of the Houyhnhnms," Chapters I-VI	https://web.archive.org/web/20210118171332/https://www.gradesaver.com/gullivers-travels/study-guide/summary-part-iv-a-voyage-to-the-country-of-the-houyhnhnms-chapters-i-vi
Gulliver's Travels	Part IV, Chapters VII-XII	https://web.archive.org/web/20210118171332/https://www.gradesaver.com/gullivers-travels/study-guide/summary-part-iv-chapters-vii-xii
Hard Times	Book I, Chapters 1-5	https://web.archive.org/web/20210411175401/https://www.gradesaver.com/hard-times/study-guide/summary-book-i-chapters-1-5
Hard Times	Book I, Chapters 6-10	https://web.archive.org/web/20210411175401/https://www.gradesaver.com/hard-times/study-guide/summary-book-i-chapters-6-10
Hard Times	Book I, Chapters 11-16	https://web.archive.org/web/20210411175401/https://www.gradesaver.com/hard-times/study-guide/summary-book-i-chapters-11-16
Hard Times	Book II, Chapters 1-6	https://web.archive.org/web/20210411175401/https://www.gradesaver.com/hard-times/study-guide/summary-book-ii-chapters-1-6
Hard Times	Book II, Chapters 7-12	https://web.archive.org/web/20210411175401/https://www.gradesaver.com/hard-times/study-guide/summary-book-ii-chapters-7-12
Hard Times	Book III, Chapters 1-5	https://web.archive.org/web/20210411175401/https://www.gradesaver.com/hard-times/study-guide/summary-book-iii-chapters-1-5
Hard Times	Book III, Chapters 6-9	https://web.archive.org/web/20210411175401/https://www.gradesaver.com/hard-times/study-guide/summary-book-iii-chapters-6-9
Heart of Darkness	Part One	https://web.archive.org/web/20210125082559/https://www.gradesaver.com/heart-of-darkness/study-guide/summary-part-one
Heart of Darkness	Part Two	https://web.archive.org/web/20210125082559/https://www.gradesaver.com/heart-of-darkness/study-guide/summary-part-two
Heart of Darkness	Part Three	https://web.archive.org/web/20210125082559/https://www.gradesaver.com/heart-of-darkness/study-guide/summary-part-three
The Hound of the Baskervilles	Chapters I-II	https://web.archive.org/web/20200218214318/https://www.gradesaver.com/the-hound-of-the-baskervilles/study-guide/summary-chapters-i-ii
The Hound of the Baskervilles	Chapter III-IV	https://web.archive.org/web/20200218214318/https://www.gradesaver.com/the-hound-of-the-baskervilles/study-guide/summary-chapter-iii-iv
The Hound of the Baskervilles	Chapter V	https://web.archive.org/web/20200218214318/https://www.gradesaver.com/the-hound-of-the-baskervilles/study-guide/summary-chapter-v
The Hound of the Baskervilles	Chapter VI	https://web.archive.org/web/20200218214318/https://www.gradesaver.com/the-hound-of-the-baskervilles/study-guide/summary-chapter-vi
The Hound of the Baskervilles	Chapter VII-IX	https://web.archive.org/web/20200218214318/https://www.gradesaver.com/the-hound-of-the-baskervilles/study-guide/summary-chapter-vii-ix
The Hound of the Baskervilles	Chapter X-XI	https://web.archive.org/web/20200218214318/https://www.gradesaver.com/the-hound-of-the-baskervilles/study-guide/summary-chapter-x-xi
The Hound of the Baskervilles	Chapter XII-XIII	https://web.archive.org/web/20200218214318/https://www.gradesaver.com/the-hound-of-the-baskervilles/study-guide/summary-chapter-xii-xiii
The Hound of the Baskervilles	Chapter XIV-XV	https://web.archive.org/web/20200218214318/https://www.gradesaver.com/the-hound-of-the-baskervilles/study-guide/summary-chapter-xiv-xv
The House of the Seven Gables	Chapters 1-3	https://web.archive.org/web/20210412132337/https://www.gradesaver.com/the-house-of-the-seven-gables/study-guide/summary-chapters-1-3
The House of the Seven Gables	Chapters 4-6	https://web.archive.org/web/20210412132337/https://www.gradesaver.com/the-house-of-the-seven-gables/study-guide/summary-chapters-4-6
The House of the Seven Gables	Chapters 7-9	https://web.archive.org/web/20210412132337/https://www.gradesaver.com/the-house-of-the-seven-gables/study-guide/summary-chapters-7-9
The House of the Seven Gables	Chapters 10-12	https://web.archive.org/web/20210412132337/https://www.gradesaver.com/the-house-of-the-seven-gables/study-guide/summary-chapters-10-12
The House of the Seven Gables	Chapters 13-15	https://web.archive.org/web/20210412132337/https://www.gradesaver.com/the-house-of-the-seven-gables/study-guide/summary-chapters-13-15
The House of the Seven Gables	Chapters 16-18	https://web.archive.org/web/20210412132337/https://www.gradesaver.com/the-house-of-the-seven-gables/study-guide/summary-chapters-16-18
The House of the Seven Gables	Chapters 19-21	https://web.archive.org/web/20210412132337/https://www.gradesaver.com/the-house-of-the-seven-gables/study-guide/summary-chapters-19-21
Howards End	Chapters 1-4	https://web.archive.org/web/20200927215649/https://www.gradesaver.com/howards-end/study-guide/summary-chapters-1-4
Howards End	Chapters 5-7	https://web.archive.org/web/20200927215649/https://www.gradesaver.com/howards-end/study-guide/summary-chapters-5-7
Howards End	Chapters 8-11	https://web.archive.org/web/20200927215649/https://www.gradesaver.com/howards-end/study-guide/summary-chapters-8-11
Howards End	Chapters 12-15	https://web.archive.org/web/20200927215649/https://www.gradesaver.com/howards-end/study-guide/summary-chapters-12-15
Howards End	Chapters 16-19	https://web.archive.org/web/20200927215649/https://www.gradesaver.com/howards-end/study-guide/summary-chapters-16-19
Howards End	Chapters 20-24	https://web.archive.org/web/20200927215649/https://www.gradesaver.com/howards-end/study-guide/summary-chapters-20-24
Howards End	Chapters 25-29	https://web.archive.org/web/20200927215649/https://www.gradesaver.com/howards-end/study-guide/summary-chapters-25-29
Howards End	Chapters 30-35	https://web.archive.org/web/20200927215649/https://www.gradesaver.com/howards-end/study-guide/summary-chapters-30-35
Howards End	Chapters 36-40	https://web.archive.org/web/20200927215649/https://www.gradesaver.com/howards-end/study-guide/summary-chapters-36-40
Howards End	Chapters 41-44	https://web.archive.org/web/20200927215649/https://www.gradesaver.com/howards-end/study-guide/summary-chapters-41-44
Jane Eyre	Volume I, Chapters 1-5	https://web.archive.org/web/20201127014820/https://www.gradesaver.com/jane-eyre/study-guide/summary-volume-i-chapters-1-5
Jane Eyre	Volume I, Chapters 6-10	https://web.archive.org/web/20201127014820/https://www.gradesaver.com/jane-eyre/study-guide/summary-volume-i-chapters-6-10
Jane Eyre	Volume I, Chapters 11-15	https://web.archive.org/web/20201127014820/https://www.gradesaver.com/jane-eyre/study-guide/summary-volume-i-chapters-11-15
Jane Eyre	Volume II, Chapters 1-5	https://web.archive.org/web/20201127014820/https://www.gradesaver.com/jane-eyre/study-guide/summary-volume-ii-chapters-1-5
Jane Eyre	Volume II, Chapters 6-11	https://web.archive.org/web/20201127014820/https://www.gradesaver.com/jane-eyre/study-guide/summary-volume-ii-chapters-6-11
Jane Eyre	Volume III, Chapters 1-6	https://web.archive.org/web/20201127014820/https://www.gradesaver.com/jane-eyre/study-guide/summary-volume-iii-chapters-1-6
Jane Eyre	Volume III, Chapters 7-12	https://web.archive.org/web/20201127014820/https://www.gradesaver.com/jane-eyre/study-guide/summary-volume-iii-chapters-7-12
Jude the Obscure	At Marygreen: Chapters 1-6	https://web.archive.org/web/20180408192623/http://www.gradesaver.com/jude-the-obscure/study-guide/summary-at-marygreen-chapters-1-6
Jude the Obscure	At Marygreen: Chapters 7-11	https://web.archive.org/web/20180408192623/http://www.gradesaver.com/jude-the-obscure/study-guide/summary-at-marygreen-chapters-7-11
Jude the Obscure	At Christminster: Chapters 1-3	https://web.archive.org/web/20180408192623/http://www.gradesaver.com/jude-the-obscure/study-guide/summary-at-christminster-chapters-1-3
Jude the Obscure	At Christminster: Chapters 4-7	https://web.archive.org/web/20180408192623/http://www.gradesaver.com/jude-the-obscure/study-guide/summary-at-christminster-chapters-4-7
Jude the Obscure	At Melchester: Chapters 1-5	https://web.archive.org/web/20180408192623/http://www.gradesaver.com/jude-the-obscure/study-guide/summary-at-melchester-chapters-1-5
Jude the Obscure	At Melchester: Chapters 6-10	https://web.archive.org/web/20180408192623/http://www.gradesaver.com/jude-the-obscure/study-guide/summary-at-melchester-chapters-6-10
Jude the Obscure	At Shaston: Chapters 1-6	https://web.archive.org/web/20180408192623/http://www.gradesaver.com/jude-the-obscure/study-guide/summary-at-shaston-chapters-1-6
Jude the Obscure	At Aldbrickham and Elsewhere: Chapters 1-4	https://web.archive.org/web/20180408192623/http://www.gradesaver.com/jude-the-obscure/study-guide/summary-at-aldbrickham-and-elsewhere-chapters-1-4
Jude the Obscure	At Aldbrickham and Elsewhere: Chapters 5-8	https://web.archive.org/web/20180408192623/http://www.gradesaver.com/jude-the-obscure/study-guide/summary-at-aldbrickham-and-elsewhere-chapters-5-8
Jude the Obscure	At Christminster Again: Chapters 1-5	https://web.archive.org/web/20180408192623/http://www.gradesaver.com/jude-the-obscure/study-guide/summary-at-christminster-again-chapters-1-5
Jude the Obscure	At Christminster Again: Chapters 6-11	https://web.archive.org/web/20180408192623/http://www.gradesaver.com/jude-the-obscure/study-guide/summary-at-christminster-again-chapters-6-11
The Jungle	Chapter 1	https://web.archive.org/web/20180407095842/http://www.gradesaver.com/the-jungle/study-guide/summary-chapter-1
The Jungle	Chapters 2-4	https://web.archive.org/web/20180407095842/http://www.gradesaver.com/the-jungle/study-guide/summary-chapters-2-4
The Jungle	Chapters 5-7	https://web.archive.org/web/20180407095842/http://www.gradesaver.com/the-jungle/study-guide/summary-chapters-5-7
The Jungle	Chapters 8-10	https://web.archive.org/web/20180407095842/http://www.gradesaver.com/the-jungle/study-guide/summary-chapters-8-10
The Jungle	Chapters 11-13	https://web.archive.org/web/20180407095842/http://www.gradesaver.com/the-jungle/study-guide/summary-chapters-11-13
The Jungle	Chapters 14-16	https://web.archive.org/web/20180407095842/http://www.gradesaver.com/the-jungle/study-guide/summary-chapters-14-16
The Jungle	Chapters 17-19	https://web.archive.org/web/20180407095842/http://www.gradesaver.com/the-jungle/study-guide/summary-chapters-17-19
The Jungle	Chapters 20-23	https://web.archive.org/web/20180407095842/http://www.gradesaver.com/the-jungle/study-guide/summary-chapters-20-23
The Jungle	Chapters 24-27	https://web.archive.org/web/20180407095842/http://www.gradesaver.com/the-jungle/study-guide/summary-chapters-24-27
The Jungle	Chapters 28-31	https://web.archive.org/web/20180407095842/http://www.gradesaver.com/the-jungle/study-guide/summary-chapters-28-31
Kidnapped	Chapters 1-5	https://web.archive.org/web/20210124091413/https://www.gradesaver.com/kidnapped/study-guide/summary-chapters-1-5
Kidnapped	Chapters 6-10	https://web.archive.org/web/20210124091413/https://www.gradesaver.com/kidnapped/study-guide/summary-chapters-6-10
Kidnapped	Chapters 11-15	https://web.archive.org/web/20210124091413/https://www.gradesaver.com/kidnapped/study-guide/summary-chapters-11-15
Kidnapped	Chapters 16-20	https://web.archive.org/web/20210124091413/https://www.gradesaver.com/kidnapped/study-guide/summary-chapters-16-20
Kidnapped	Chapters 21-25	https://web.archive.org/web/20210124091413/https://www.gradesaver.com/kidnapped/study-guide/summary-chapters-21-25
Kidnapped	Chapters 26-30	https://web.archive.org/web/20210124091413/https://www.gradesaver.com/kidnapped/study-guide/summary-chapters-26-30
Little Women	Chapter 1 through Chapter 5	https://web.archive.org/web/20210609010508/https://www.gradesaver.com/little-women/study-guide/summary-chapter-1-through-chapter-5
Little Women	Chapter 6 through Chapter 9	https://web.archive.org/web/20210609010508/https://www.gradesaver.com/little-women/study-guide/summary-chapter-6-through-chapter-9
Little Women	Chapter 10 through Chapter 14	https://web.archive.org/web/20210609010508/https://www.gradesaver.com/little-women/study-guide/summary-chapter-10-through-chapter-14
Little Women	Chapter 15 through Chapter 19	https://web.archive.org/web/20210609010508/https://www.gradesaver.com/little-women/study-guide/summary-chapter-15-through-chapter-19
Little Women	Chapter 20 through Chapter 23	https://web.archive.org/web/20210609010508/https://www.gradesaver.com/little-women/study-guide/summary-chapter-20-through-chapter-23
Little Women	Chapter 24 through Chapter 30	https://web.archive.org/web/20210609010508/https://www.gradesaver.com/little-women/study-guide/summary-chapter-24-through-chapter-30
Little Women	Chapter 31 through Chapter 36	https://web.archive.org/web/20210609010508/https://www.gradesaver.com/little-women/study-guide/summary-chapter-31-through-chapter-36
Little Women	Chapter 37 through Chapter 41	https://web.archive.org/web/20210609010508/https://www.gradesaver.com/little-women/study-guide/summary-chapter-37-through-chapter-41
Little Women	Chapter 42 through Chapter 47	https://web.archive.org/web/20210609010508/https://www.gradesaver.com/little-women/study-guide/summary-chapter-42-through-chapter-47
Lord Jim	Chapters 1-3	https://web.archive.org/web/20210211163550/https://www.gradesaver.com/lord-jim/study-guide/summary-chapters-1-3
Lord Jim	Chapters 4-5	https://web.archive.org/web/20210211163550/https://www.gradesaver.com/lord-jim/study-guide/summary-chapters-4-5
Lord Jim	Chapters 6-7	https://web.archive.org/web/20210211163550/https://www.gradesaver.com/lord-jim/study-guide/summary-chapters-6-7
Lord Jim	Chapters 8-10	https://web.archive.org/web/20210211163550/https://www.gradesaver.com/lord-jim/study-guide/summary-chapters-8-10
Lord Jim	Chapters 11-13	https://web.archive.org/web/20210211163550/https://www.gradesaver.com/lord-jim/study-guide/summary-chapters-11-13
Lord Jim	Chapters 14-18	https://web.archive.org/web/20210211163550/https://www.gradesaver.com/lord-jim/study-guide/summary-chapters-14-18
Lord Jim	Chapters 19-22	https://web.archive.org/web/20210211163550/https://www.gradesaver.com/lord-jim/study-guide/summary-chapters-19-22
Lord Jim	Chapters 23-27	https://web.archive.org/web/20210211163550/https://www.gradesaver.com/lord-jim/study-guide/summary-chapters-23-27
Lord Jim	Chapters 28-33	https://web.archive.org/web/20210211163550/https://www.gradesaver.com/lord-jim/study-guide/summary-chapters-28-33
Lord Jim	Chapters 34-36	https://web.archive.org/web/20210211163550/https://www.gradesaver.com/lord-jim/study-guide/summary-chapters-34-36
Lord Jim	Chapters 37-39	https://web.archive.org/web/20210211163550/https://www.gradesaver.com/lord-jim/study-guide/summary-chapters-37-39
Lord Jim	Chapters 40-45	https://web.archive.org/web/20210211163550/https://www.gradesaver.com/lord-jim/study-guide/summary-chapters-40-45
Madame Bovary	Part One, Chapters I-VI	https://web.archive.org/web/20210411231957/https://www.gradesaver.com/madame-bovary/study-guide/summary-part-one-chapters-i-vi
Madame Bovary	Part One, Chapters VII-IX	https://web.archive.org/web/20210411231957/https://www.gradesaver.com/madame-bovary/study-guide/summary-part-one-chapters-vii-ix
Madame Bovary	Part Two, Chapters I-VI	https://web.archive.org/web/20210411231957/https://www.gradesaver.com/madame-bovary/study-guide/summary-part-two-chapters-i-vi
Madame Bovary	Part Two, Chapters VII-XII	https://web.archive.org/web/20210411231957/https://www.gradesaver.com/madame-bovary/study-guide/summary-part-two-chapters-vii-xii
Madame Bovary	Part Two, Chapters XIII-XV	https://web.archive.org/web/20210411231957/https://www.gradesaver.com/madame-bovary/study-guide/summary-part-two-chapters-xiii-xv
Madame Bovary	Part Three, Chapters I-VI	https://web.archive.org/web/20210411231957/https://www.gradesaver.com/madame-bovary/study-guide/summary-part-three-chapters-i-vi
Madame Bovary	Part Three, Chapters VII-XI	https://web.archive.org/web/20210411231957/https://www.gradesaver.com/madame-bovary/study-guide/summary-part-three-chapters-vii-xi
Mansfield Park	Chapters 1-6	https://web.archive.org/web/20210118171143/https://www.gradesaver.com/mansfield-park/study-guide/summary-chapters-1-6
Mansfield Park	Chapters 7-12	https://web.archive.org/web/20210118171143/https://www.gradesaver.com/mansfield-park/study-guide/summary-chapters-7-12
Mansfield Park	Chapters 13-18	https://web.archive.org/web/20210118171143/https://www.gradesaver.com/mansfield-park/study-guide/summary-chapters-13-18
Mansfield Park	Chapters 19-24	https://web.archive.org/web/20210118171143/https://www.gradesaver.com/mansfield-park/study-guide/summary-chapters-19-24
Mansfield Park	Chapters 25-30	https://web.archive.org/web/20210118171143/https://www.gradesaver.com/mansfield-park/study-guide/summary-chapters-25-30
Mansfield Park	Chapters 31-36	https://web.archive.org/web/20210118171143/https://www.gradesaver.com/mansfield-park/study-guide/summary-chapters-31-36
Mansfield Park	Chapters 37-42	https://web.archive.org/web/20210118171143/https://www.gradesaver.com/mansfield-park/study-guide/summary-chapters-37-42
Mansfield Park	Chapters 43-48	https://web.archive.org/web/20210118171143/https://www.gradesaver.com/mansfield-park/study-guide/summary-chapters-43-48
The Mayor of Casterbridge	Chapters 1-5	https://web.archive.org/web/20210410084306/https://www.gradesaver.com/the-mayor-of-casterbridge/study-guide/summary-chapters-1-5
The Mayor of Casterbridge	Chapters 6-10	https://web.archive.org/web/20210410084306/https://www.gradesaver.com/the-mayor-of-casterbridge/study-guide/summary-chapters-6-10
The Mayor of Casterbridge	Chapters 11-15	https://web.archive.org/web/20210410084306/https://www.gradesaver.com/the-mayor-of-casterbridge/study-guide/summary-chapters-11-15
The Mayor of Casterbridge	Chapters 16-20	https://web.archive.org/web/20210410084306/https://www.gradesaver.com/the-mayor-of-casterbridge/study-guide/summary-chapters-16-20
The Mayor of Casterbridge	Chapters 21-25	https://web.archive.org/web/20210410084306/https://www.gradesaver.com/the-mayor-of-casterbridge/study-guide/summary-chapters-21-25
The Mayor of Casterbridge	Chapters 26-30	https://web.archive.org/web/20210410084306/https://www.gradesaver.com/the-mayor-of-casterbridge/study-guide/summary-chapters-26-30
The Mayor of Casterbridge	Chapters 31-35	https://web.archive.org/web/20210410084306/https://www.gradesaver.com/the-mayor-of-casterbridge/study-guide/summary-chapters-31-35
The Mayor of Casterbridge	Chapters 36-40	https://web.archive.org/web/20210410084306/https://www.gradesaver.com/the-mayor-of-casterbridge/study-guide/summary-chapters-36-40
The Mayor of Casterbridge	Chapters 41-45	https://web.archive.org/web/20210410084306/https://www.gradesaver.com/the-mayor-of-casterbridge/study-guide/summary-chapters-41-45
The Metamorphosis	Chapter 1	https://web.archive.org/web/20210410153156/https://www.gradesaver.com/the-metamorphosis/study-guide/summary-chapter-1
The Metamorphosis	Chapter 2	https://web.archive.org/web/20210410153156/https://www.gradesaver.com/the-metamorphosis/study-guide/summary-chapter-2
The Metamorphosis	Chapter 3	https://web.archive.org/web/20210410153156/https://www.gradesaver.com/the-metamorphosis/study-guide/summary-chapter-3
Middlemarch	Chapters 1-11	https://web.archive.org/web/20210125120143/https://www.gradesaver.com/middlemarch/study-guide/summary-chapters-1-11
Middlemarch	Chapters 12-22	https://web.archive.org/web/20210125120143/https://www.gradesaver.com/middlemarch/study-guide/summary-chapters-12-22
Middlemarch	Chapters 23-33	https://web.archive.org/web/20210125120143/https://www.gradesaver.com/middlemarch/study-guide/summary-chapters-23-33
Middlemarch	Chapters 34-44	https://web.archive.org/web/20210125120143/https://www.gradesaver.com/middlemarch/study-guide/summary-chapters-34-44
Middlemarch	Chapters 45-55	https://web.archive.org/web/20210125120143/https://www.gradesaver.com/middlemarch/study-guide/summary-chapters-45-55
Middlemarch	Chapters 56-66	https://web.archive.org/web/20210125120143/https://www.gradesaver.com/middlemarch/study-guide/summary-chapters-56-66
Middlemarch	Chapters 67-77	https://web.archive.org/web/20210125120143/https://www.gradesaver.com/middlemarch/study-guide/summary-chapters-67-77
Middlemarch	Chapters 78-Finale	https://web.archive.org/web/20210125120143/https://www.gradesaver.com/middlemarch/study-guide/summary-chapters-78-finale
The Mill on the Floss	Book I - Boy and Girl	https://web.archive.org/web/20220307191103/https://www.gradesaver.com/the-mill-on-the-floss/study-guide/summary-book-i-boy-and-girl
The Mill on the Floss	Book II - School-Time	https://web.archive.org/web/20220307191103/https://www.gradesaver.com/the-mill-on-the-floss/study-guide/summary-book-ii-school-time
The Mill on the Floss	Book III - The Downfall	https://web.archive.org/web/20220307191103/https://www.gradesaver.com/the-mill-on-the-floss/study-guide/summary-book-iii-the-downfall
The Mill on the Floss	Book IV - The Valley of Humiliation	https://web.archive.org/web/20220307191103/https://www.gradesaver.com/the-mill-on-the-floss/study-guide/summary-book-iv-the-valley-of-humiliation
The Mill on the Floss	Book V - Wheat and Tares	https://web.archive.org/web/20220307191103/https://www.gradesaver.com/the-mill-on-the-floss/study-guide/summary-book-v-wheat-and-tares
The Mill on the Floss	Book VI - The Great Temptation	https://web.archive.org/web/20220307191103/https://www.gradesaver.com/the-mill-on-the-floss/study-guide/summary-book-vi-the-great-temptation
The Mill on the Floss	Book VII - The Final Rescue	https://web.archive.org/web/20220307191103/https://www.gradesaver.com/the-mill-on-the-floss/study-guide/summary-book-vii-the-final-rescue
Moby Dick	Chapters 1-20	https://web.archive.org/web/20210211195401/https://www.gradesaver.com/moby-dick/study-guide/summary-chapters-1-20
Moby Dick	Chapters 21-40	https://web.archive.org/web/20210211195401/https://www.gradesaver.com/moby-dick/study-guide/summary-chapters-21-40
Moby Dick	Chapters 41-60	https://web.archive.org/web/20210211195401/https://www.gradesaver.com/moby-dick/study-guide/summary-chapters-41-60
Moby Dick	Chapters 61-80	https://web.archive.org/web/20210211195401/https://www.gradesaver.com/moby-dick/study-guide/summary-chapters-61-80
Moby Dick	Chapters 81-100	https://web.archive.org/web/20210211195401/https://www.gradesaver.com/moby-dick/study-guide/summary-chapters-81-100
Moby Dick	Chapters 101-120	https://web.archive.org/web/20210211195401/https://www.gradesaver.com/moby-dick/study-guide/summary-chapters-101-120
Moby Dick	Chapters 121-Epilogue	https://web.archive.org/web/20210211195401/https://www.gradesaver.com/moby-dick/study-guide/summary-chapters-121-epilogue
My Antonia	Introduction	https://web.archive.org/web/20210125015230/https://www.gradesaver.com/my-antonia/study-guide/summary-introduction
My Antonia	Book I, Chapters 1-10	https://web.archive.org/web/20210125015230/https://www.gradesaver.com/my-antonia/study-guide/summary-book-i-chapters-1-10
My Antonia	Book I, Chapters 11-19	https://web.archive.org/web/20210125015230/https://www.gradesaver.com/my-antonia/study-guide/summary-book-i-chapters-11-19
My Antonia	Book II, Chapters 1-9	https://web.archive.org/web/20210125015230/https://www.gradesaver.com/my-antonia/study-guide/summary-book-ii-chapters-1-9
My Antonia	Book II, Chapters 10-15	https://web.archive.org/web/20210125015230/https://www.gradesaver.com/my-antonia/study-guide/summary-book-ii-chapters-10-15
My Antonia	Book III	https://web.archive.org/web/20210125015230/https://www.gradesaver.com/my-antonia/study-guide/summary-book-iii
My Antonia	Book IV	https://web.archive.org/web/20210125015230/https://www.gradesaver.com/my-antonia/study-guide/summary-book-iv
My Antonia	Book V	https://web.archive.org/web/20210125015230/https://www.gradesaver.com/my-antonia/study-guide/summary-book-v
Northanger Abbey	Volume I, Chapters I-IV	https://web.archive.org/web/20180330194102/http://www.gradesaver.com/northanger-abbey/study-guide/summary-volume-i-chapters-i-iv
Northanger Abbey	Volume I, Chapters V-VIII	https://web.archive.org/web/20180330194102/http://www.gradesaver.com/northanger-abbey/study-guide/summary-volume-i-chapters-v-viii
Northanger Abbey	Volume I, Chapters IX-XII	https://web.archive.org/web/20180330194102/http://www.gradesaver.com/northanger-abbey/study-guide/summary-volume-i-chapters-ix-xii
Northanger Abbey	Volume I, Chapters XIII-XV	https://web.archive.org/web/20180330194102/http://www.gradesaver.com/northanger-abbey/study-guide/summary-volume-i-chapters-xiii-xv
Northanger Abbey	Volume II, Chapters I-IV	https://web.archive.org/web/20180330194102/http://www.gradesaver.com/northanger-abbey/study-guide/summary-volume-ii-chapters-i-iv
Northanger Abbey	Volume II, Chapters V-IX	https://web.archive.org/web/20180330194102/http://www.gradesaver.com/northanger-abbey/study-guide/summary-volume-ii-chapters-v-ix
Northanger Abbey	Volume II, Chapters X-XVI	https://web.archive.org/web/20180330194102/http://www.gradesaver.com/northanger-abbey/study-guide/summary-volume-ii-chapters-x-xvi
Oliver Twist	Chapters 1-7	https://web.archive.org/web/20210410074204/https://www.gradesaver.com/oliver-twist/study-guide/summary-chapters-1-7
Oliver Twist	Chapters 8-14	https://web.archive.org/web/20210410074204/https://www.gradesaver.com/oliver-twist/study-guide/summary-chapters-8-14
Oliver Twist	Chapters 15-22	https://web.archive.org/web/20210410074204/https://www.gradesaver.com/oliver-twist/study-guide/summary-chapters-15-22
Oliver Twist	Chapters 23-29	https://web.archive.org/web/20210410074204/https://www.gradesaver.com/oliver-twist/study-guide/summary-chapters-23-29
Oliver Twist	Chapters 30-34	https://web.archive.org/web/20210410074204/https://www.gradesaver.com/oliver-twist/study-guide/summary-chapters-30-34
Oliver Twist	Chapters 35-40	https://web.archive.org/web/20210410074204/https://www.gradesaver.com/oliver-twist/study-guide/summary-chapters-35-40
Oliver Twist	Chapters 41-45	https://web.archive.org/web/20210410074204/https://www.gradesaver.com/oliver-twist/study-guide/summary-chapters-41-45
Oliver Twist	Chapters 46-50	https://web.archive.org/web/20210410074204/https://www.gradesaver.com/oliver-twist/study-guide/summary-chapters-46-50
Oliver Twist	Chapters 51-53	https://web.archive.org/web/20210410074204/https://www.gradesaver.com/oliver-twist/study-guide/summary-chapters-51-53
Persuasion	Chapters 1-3	https://web.archive.org/web/20180409062304/http://www.gradesaver.com/persuasion/study-guide/summary-chapters-1-3
Persuasion	Chapters 4-6	https://web.archive.org/web/20180409062304/http://www.gradesaver.com/persuasion/study-guide/summary-chapters-4-6
Persuasion	Chapters 7-10	https://web.archive.org/web/20180409062304/http://www.gradesaver.com/persuasion/study-guide/summary-chapters-7-10
Persuasion	Chapters 11-14	https://web.archive.org/web/20180409062304/http://www.gradesaver.com/persuasion/study-guide/summary-chapters-11-14
Persuasion	Chapters 15-18	https://web.archive.org/web/20180409062304/http://www.gradesaver.com/persuasion/study-guide/summary-chapters-15-18
Persuasion	Chapters 19-21	https://web.archive.org/web/20180409062304/http://www.gradesaver.com/persuasion/study-guide/summary-chapters-19-21
Persuasion	Chapters 22-24	https://web.archive.org/web/20180409062304/http://www.gradesaver.com/persuasion/study-guide/summary-chapters-22-24
The Picture of Dorian Gray	the Preface & Chapters 1 & 2	https://web.archive.org/web/20201217191025/https://www.gradesaver.com/the-picture-of-dorian-gray/study-guide/summary-the-preface-and-chapters-1-and-2
The Picture of Dorian Gray	Chapter 3	https://web.archive.org/web/20201217191025/https://www.gradesaver.com/the-picture-of-dorian-gray/study-guide/summary-chapter-3
The Picture of Dorian Gray	Chapter 4	https://web.archive.org/web/20201217191025/https://www.gradesaver.com/the-picture-of-dorian-gray/study-guide/summary-chapter-4
The Picture of Dorian Gray	Chapter 5	https://web.archive.org/web/20201217191025/https://www.gradesaver.com/the-picture-of-dorian-gray/study-guide/summary-chapter-5
The Picture of Dorian Gray	Chapters 6 & 7	https://web.archive.org/web/20201217191025/https://www.gradesaver.com/the-picture-of-dorian-gray/study-guide/summary-chapters-6-and-7
The Picture of Dorian Gray	Chapter 8	https://web.archive.org/web/20201217191025/https://www.gradesaver.com/the-picture-of-dorian-gray/study-guide/summary-chapter-8
The Picture of Dorian Gray	Chapters 9 & 10	https://web.archive.org/web/20201217191025/https://www.gradesaver.com/the-picture-of-dorian-gray/study-guide/summary-chapters-9-and-10
The Picture of Dorian Gray	Chapter 11	https://web.archive.org/web/20201217191025/https://www.gradesaver.com/the-picture-of-dorian-gray/study-guide/summary-chapter-11
The Picture of Dorian Gray	Chapters 12 & 13	https://web.archive.org/web/20201217191025/https://www.gradesaver.com/the-picture-of-dorian-gray/study-guide/summary-chapters-12-and-13
The Picture of Dorian Gray	Chapter 14	https://web.archive.org/web/20201217191025/https://www.gradesaver.com/the-picture-of-dorian-gray/study-guide/summary-chapter-14
The Picture of Dorian Gray	Chapters 15 & 16	https://web.archive.org/web/20201217191025/https://www.gradesaver.com/the-picture-of-dorian-gray/study-guide/summary-chapters-15-and-16
The Picture of Dorian Gray	Chapters 17 & 18	https://web.archive.org/web/20201217191025/https://www.gradesaver.com/the-picture-of-dorian-gray/study-guide/summary-chapters-17-and-18
The Picture of Dorian Gray	Chapter 19	https://web.archive.org/web/20201217191025/https://www.gradesaver.com/the-picture-of-dorian-gray/study-guide/summary-chapter-19
The Picture of Dorian Gray	Chapter 20	https://web.archive.org/web/20201217191025/https://www.gradesaver.com/the-picture-of-dorian-gray/study-guide/summary-chapter-20
Pride and Prejudice	Volume I, Chapters 1-6	https://web.archive.org/web/20210118171315/https://www.gradesaver.com/pride-and-prejudice/study-guide/summary-volume-i-chapters-1-6
Pride and Prejudice	Volume I, Chapters 7-14	https://web.archive.org/web/20210118171315/https://www.gradesaver.com/pride-and-prejudice/study-guide/summary-volume-i-chapters-7-14
Pride and Prejudice	Volume I, Chapters 15-23	https://web.archive.org/web/20210118171315/https://www.gradesaver.com/pride-and-prejudice/study-guide/summary-volume-i-chapters-15-23
Pride and Prejudice	Volume II, Chapters 1-10	https://web.archive.org/web/20210118171315/https://www.gradesaver.com/pride-and-prejudice/study-guide/summary-volume-ii-chapters-1-10
Pride and Prejudice	Volume II, Chapters 11-19	https://web.archive.org/web/20210118171315/https://www.gradesaver.com/pride-and-prejudice/study-guide/summary-volume-ii-chapters-11-19
Pride and Prejudice	Volume III, Chapters 1-10	https://web.archive.org/web/20210118171315/https://www.gradesaver.com/pride-and-prejudice/study-guide/summary-volume-iii-chapters-1-10
Pride and Prejudice	Volume III, Chapters 11-18	https://web.archive.org/web/20210118171315/https://www.gradesaver.com/pride-and-prejudice/study-guide/summary-volume-iii-chapters-11-18
The Scarlet Letter	The Custom House	https://web.archive.org/web/20210118171304/https://www.gradesaver.com/the-scarlet-letter/study-guide/summary-the-custom-house
The Scarlet Letter	Chapters 1-4	https://web.archive.org/web/20210118171304/https://www.gradesaver.com/the-scarlet-letter/study-guide/summary-chapters-1-4
The Scarlet Letter	Chapters 5-8	https://web.archive.org/web/20210118171304/https://www.gradesaver.com/the-scarlet-letter/study-guide/summary-chapters-5-8
The Scarlet Letter	Chapters 9-12	https://web.archive.org/web/20210118171304/https://www.gradesaver.com/the-scarlet-letter/study-guide/summary-chapters-9-12
The Scarlet Letter	Chapters 13-16	https://web.archive.org/web/20210118171304/https://www.gradesaver.com/the-scarlet-letter/study-guide/summary-chapters-13-16
The Scarlet Letter	Chapters 17-20	https://web.archive.org/web/20210118171304/https://www.gradesaver.com/the-scarlet-letter/study-guide/summary-chapters-17-20
The Scarlet Letter	Chapters 21-24	https://web.archive.org/web/20210118171304/https://www.gradesaver.com/the-scarlet-letter/study-guide/summary-chapters-21-24
The Scarlet Pimpernel	Chapters 1-4	https://web.archive.org/web/20201127014008/https://www.gradesaver.com/the-scarlet-pimpernel/study-guide/summary-chapters-1-4
The Scarlet Pimpernel	Chapters 5-8	https://web.archive.org/web/20201127014008/https://www.gradesaver.com/the-scarlet-pimpernel/study-guide/summary-chapters-5-8
The Scarlet Pimpernel	Chapters 9-14	https://web.archive.org/web/20201127014008/https://www.gradesaver.com/the-scarlet-pimpernel/study-guide/summary-chapters-9-14
The Scarlet Pimpernel	Chapters 15-19	https://web.archive.org/web/20201127014008/https://www.gradesaver.com/the-scarlet-pimpernel/study-guide/summary-chapters-15-19
The Scarlet Pimpernel	Chapters 20-24	https://web.archive.org/web/20201127014008/https://www.gradesaver.com/the-scarlet-pimpernel/study-guide/summary-chapters-20-24
The Scarlet Pimpernel	Chapters 25-28	https://web.archive.org/web/20201127014008/https://www.gradesaver.com/the-scarlet-pimpernel/study-guide/summary-chapters-25-28
The Scarlet Pimpernel	Chapters 29-31	https://web.archive.org/web/20201127014008/https://www.gradesaver.com/the-scarlet-pimpernel/study-guide/summary-chapters-29-31
The Secret Garden	Chapters 1-4	https://web.archive.org/web/20201112141827/https://www.gradesaver.com/the-secret-garden/study-guide/summary-chapters-1-4
The Secret Garden	Chapters 5-19	https://web.archive.org/web/20201112141827/https://www.gradesaver.com/the-secret-garden/study-guide/summary-chapters-5-19
The Secret Garden	Chapters 10-15	https://web.archive.org/web/20201112141827/https://www.gradesaver.com/the-secret-garden/study-guide/summary-chapters-10-15
The Secret Garden	Chapters 16-21	https://web.archive.org/web/20201112141827/https://www.gradesaver.com/the-secret-garden/study-guide/summary-chapters-16-21
The Secret Garden	Chapters 22-27	https://web.archive.org/web/20201112141827/https://www.gradesaver.com/the-secret-garden/study-guide/summary-chapters-22-27
Sense and Sensibility	Chapters 1-10	https://web.archive.org/web/20210120183840/https://www.gradesaver.com/sense-and-sensibility/study-guide/summary-chapters-1-10
Sense and Sensibility	Chapters 11-20	https://web.archive.org/web/20210120183840/https://www.gradesaver.com/sense-and-sensibility/study-guide/summary-chapters-11-20
Sense and Sensibility	Chapters 21-30	https://web.archive.org/web/20210120183840/https://www.gradesaver.com/sense-and-sensibility/study-guide/summary-chapters-21-30
Sense and Sensibility	Chapters 31-40	https://web.archive.org/web/20210120183840/https://www.gradesaver.com/sense-and-sensibility/study-guide/summary-chapters-31-40
Sense and Sensibility	Chapters 41-50	https://web.archive.org/web/20210120183840/https://www.gradesaver.com/sense-and-sensibility/study-guide/summary-chapters-41-50
Siddhartha	Part I	https://web.archive.org/web/20210410044538/https://www.gradesaver.com/siddhartha/study-guide/summary-part-i
Siddhartha	Part II	https://web.archive.org/web/20210410044538/https://www.gradesaver.com/siddhartha/study-guide/summary-part-ii
Silas Marner	Part One, Chapters 1-2	https://web.archive.org/web/20210410213526/https://www.gradesaver.com/silas-marner/study-guide/summary-part-one-chapters-1-2
Silas Marner	Part One, Chapters 3-5	https://web.archive.org/web/20210410213526/https://www.gradesaver.com/silas-marner/study-guide/summary-part-one-chapters-3-5
Silas Marner	Part One, Chapters 6-8	https://web.archive.org/web/20210410213526/https://www.gradesaver.com/silas-marner/study-guide/summary-part-one-chapters-6-8
Silas Marner	Part One, Chapters 9-11	https://web.archive.org/web/20210410213526/https://www.gradesaver.com/silas-marner/study-guide/summary-part-one-chapters-9-11
Silas Marner	Part One, Chapters 12-15	https://web.archive.org/web/20210410213526/https://www.gradesaver.com/silas-marner/study-guide/summary-part-one-chapters-12-15
Silas Marner	Part Two, Chapters 16-17	https://web.archive.org/web/20210410213526/https://www.gradesaver.com/silas-marner/study-guide/summary-part-two-chapters-16-17
Silas Marner	Part Two, Chapters 18-20	https://web.archive.org/web/20210410213526/https://www.gradesaver.com/silas-marner/study-guide/summary-part-two-chapters-18-20
Silas Marner	Part Two, Chapter 21 and Conclusion	https://web.archive.org/web/20210410213526/https://www.gradesaver.com/silas-marner/study-guide/summary-part-two-chapter-21-and-conclusion
Sister Carrie	Chapters 1-8	https://web.archive.org/web/20210212021916/https://www.gradesaver.com/sister-carrie/study-guide/summary-chapters-1-8
Sister Carrie	Chapters 9-16	https://web.archive.org/web/20210212021916/https://www.gradesaver.com/sister-carrie/study-guide/summary-chapters-9-16
Sister Carrie	Chapters 17-24	https://web.archive.org/web/20210212021916/https://www.gradesaver.com/sister-carrie/study-guide/summary-chapters-17-24
Sister Carrie	Chapters 25-32	https://web.archive.org/web/20210212021916/https://www.gradesaver.com/sister-carrie/study-guide/summary-chapters-25-32
Sister Carrie	Chapters 33-40	https://web.archive.org/web/20210212021916/https://www.gradesaver.com/sister-carrie/study-guide/summary-chapters-33-40
Sister Carrie	Chapters 41-47	https://web.archive.org/web/20210212021916/https://www.gradesaver.com/sister-carrie/study-guide/summary-chapters-41-47
Sons and Lovers	Chapters 1-3	https://web.archive.org/web/20180402022048/http://www.gradesaver.com/sons-and-lovers/study-guide/summary-chapters-1-3
Sons and Lovers	Chapters 4-6	https://web.archive.org/web/20180402022048/http://www.gradesaver.com/sons-and-lovers/study-guide/summary-chapters-4-6
Sons and Lovers	Chapters 7-9	https://web.archive.org/web/20180402022048/http://www.gradesaver.com/sons-and-lovers/study-guide/summary-chapters-7-9
Sons and Lovers	Chapters 10-12	https://web.archive.org/web/20180402022048/http://www.gradesaver.com/sons-and-lovers/study-guide/summary-chapters-10-12
Sons and Lovers	Chapters 13-15	https://web.archive.org/web/20180402022048/http://www.gradesaver.com/sons-and-lovers/study-guide/summary-chapters-13-15
A Tale of Two Cities	Book I, Chapters 1-4	https://web.archive.org/web/20210410065304/https://www.gradesaver.com/tale-of-two-cities/study-guide/summary-book-i-chapters-1-4
A Tale of Two Cities	Book I, Chapters 5-6	https://web.archive.org/web/20210410065304/https://www.gradesaver.com/tale-of-two-cities/study-guide/summary-book-i-chapters-5-6
A Tale of Two Cities	Book II, Chapters 1-3	https://web.archive.org/web/20210410065304/https://www.gradesaver.com/tale-of-two-cities/study-guide/summary-book-ii-chapters-1-3
A Tale of Two Cities	Book II, Chapters 4-9	https://web.archive.org/web/20210410065304/https://www.gradesaver.com/tale-of-two-cities/study-guide/summary-book-ii-chapters-4-9
A Tale of Two Cities	Book II, Chapters 10-14	https://web.archive.org/web/20210410065304/https://www.gradesaver.com/tale-of-two-cities/study-guide/summary-book-ii-chapters-10-14
A Tale of Two Cities	Book II, Chapters 15-19	https://web.archive.org/web/20210410065304/https://www.gradesaver.com/tale-of-two-cities/study-guide/summary-book-ii-chapters-15-19
A Tale of Two Cities	Book II, Chapters 20-24	https://web.archive.org/web/20210410065304/https://www.gradesaver.com/tale-of-two-cities/study-guide/summary-book-ii-chapters-20-24
A Tale of Two Cities	Book III, Chapters 1-7	https://web.archive.org/web/20210410065304/https://www.gradesaver.com/tale-of-two-cities/study-guide/summary-book-iii-chapters-1-7
A Tale of Two Cities	Book III, Chapters 8-15	https://web.archive.org/web/20210410065304/https://www.gradesaver.com/tale-of-two-cities/study-guide/summary-book-iii-chapters-8-15
Tess of the D'Urbervilles	Phase 1, Chapters 1-11	https://web.archive.org/web/20210410060617/https://www.gradesaver.com/tess-of-the-durbervilles/study-guide/summary-phase-1-chapters-1-11
Tess of the D'Urbervilles	Phase 2, Chapters 12-15	https://web.archive.org/web/20210410060617/https://www.gradesaver.com/tess-of-the-durbervilles/study-guide/summary-phase-2-chapters-12-15
Tess of the D'Urbervilles	Phase 3, Chapters 16-24	https://web.archive.org/web/20210410060617/https://www.gradesaver.com/tess-of-the-durbervilles/study-guide/summary-phase-3-chapters-16-24
Tess of the D'Urbervilles	Phase 4, Chapters 25-34	https://web.archive.org/web/20210410060617/https://www.gradesaver.com/tess-of-the-durbervilles/study-guide/summary-phase-4-chapters-25-34
Tess of the D'Urbervilles	Phase 5, Chapters 35-44	https://web.archive.org/web/20210410060617/https://www.gradesaver.com/tess-of-the-durbervilles/study-guide/summary-phase-5-chapters-35-44
Tess of the D'Urbervilles	Phase 6, Chapters 45-52	https://web.archive.org/web/20210410060617/https://www.gradesaver.com/tess-of-the-durbervilles/study-guide/summary-phase-6-chapters-45-52
Tess of the D'Urbervilles	Phase 7, Chapters 53-59	https://web.archive.org/web/20210410060617/https://www.gradesaver.com/tess-of-the-durbervilles/study-guide/summary-phase-7-chapters-53-59
The Three Musketeers	Chapters 1-4	https://web.archive.org/web/20220429120803/https://www.gradesaver.com/the-three-musketeers/study-guide/summary-chapters-1-4
The Three Musketeers	Chapters 5-8	https://web.archive.org/web/20220429120803/https://www.gradesaver.com/the-three-musketeers/study-guide/summary-chapters-5-8
The Three Musketeers	Chapters 9-12	https://web.archive.org/web/20220429120803/https://www.gradesaver.com/the-three-musketeers/study-guide/summary-chapters-9-12
The Three Musketeers	Chapters 13-16	https://web.archive.org/web/20220429120803/https://www.gradesaver.com/the-three-musketeers/study-guide/summary-chapters-13-16
The Three Musketeers	Chapters 17-22	https://web.archive.org/web/20220429120803/https://www.gradesaver.com/the-three-musketeers/study-guide/summary-chapters-17-22
The Three Musketeers	Chapters 23-28	https://web.archive.org/web/20220429120803/https://www.gradesaver.com/the-three-musketeers/study-guide/summary-chapters-23-28
The Three Musketeers	Chapters 29-35	https://web.archive.org/web/20220429120803/https://www.gradesaver.com/the-three-musketeers/study-guide/summary-chapters-29-35
The Three Musketeers	Chapters 36-42	https://web.archive.org/web/20220429120803/https://www.gradesaver.com/the-three-musketeers/study-guide/summary-chapters-36-42
The Three Musketeers	Chapters 43-48	https://web.archive.org/web/20220429120803/https://www.gradesaver.com/the-three-musketeers/study-guide/summary-chapters-43-48
The Three Musketeers	Chapters 49-58	https://web.archive.org/web/20220429120803/https://www.gradesaver.com/the-three-musketeers/study-guide/summary-chapters-49-58
The Three Musketeers	Chapters 59-Epilogue	https://web.archive.org/web/20220429120803/https://www.gradesaver.com/the-three-musketeers/study-guide/summary-chapters-59-epilogue
The Time Machine	Chapters 1-2	https://web.archive.org/web/20201125113641/https://www.gradesaver.com/the-time-machine/study-guide/summary-chapters-1-2
The Time Machine	Chapters 3-4	https://web.archive.org/web/20201125113641/https://www.gradesaver.com/the-time-machine/study-guide/summary-chapters-3-4
The Time Machine	Chapters 5-6	https://web.archive.org/web/20201125113641/https://www.gradesaver.com/the-time-machine/study-guide/summary-chapters-5-6
The Time Machine	Chapters 7-8	https://web.archive.org/web/20201125113641/https://www.gradesaver.com/the-time-machine/study-guide/summary-chapters-7-8
The Time Machine	Chapters 9-10	https://web.archive.org/web/20201125113641/https://www.gradesaver.com/the-time-machine/study-guide/summary-chapters-9-10
The Time Machine	Chapters 11-Epilogue	https://web.archive.org/web/20201125113641/https://www.gradesaver.com/the-time-machine/study-guide/summary-chapters-11-epilogue
Treasure Island	Chapters 1-6	https://web.archive.org/web/20201127013114/https://www.gradesaver.com/treasure-island/study-guide/summary-chapters-1-6
Treasure Island	Chapters 7-13	https://web.archive.org/web/20201127013114/https://www.gradesaver.com/treasure-island/study-guide/summary-chapters-7-13
Treasure Island	Chapters 14-20	https://web.archive.org/web/20201127013114/https://www.gradesaver.com/treasure-island/study-guide/summary-chapters-14-20
Treasure Island	Chapters 21-27	https://web.archive.org/web/20201127013114/https://www.gradesaver.com/treasure-island/study-guide/summary-chapters-21-27
Treasure Island	Chapters 28-34	https://web.archive.org/web/20201127013114/https://www.gradesaver.com/treasure-island/study-guide/summary-chapters-28-34
The Turn of the Screw	Prologue and Chapters 1-4	https://web.archive.org/web/20201105231633/https://www.gradesaver.com/turn-of-the-screw/study-guide/summary-prologue-and-chapters-1-4
The Turn of the Screw	Chapters 5-8	https://web.archive.org/web/20201105231633/https://www.gradesaver.com/turn-of-the-screw/study-guide/summary-chapters-5-8
The Turn of the Screw	Chapters 9-12	https://web.archive.org/web/20201105231633/https://www.gradesaver.com/turn-of-the-screw/study-guide/summary-chapters-9-12
The Turn of the Screw	Chapters 13-16	https://web.archive.org/web/20201105231633/https://www.gradesaver.com/turn-of-the-screw/study-guide/summary-chapters-13-16
The Turn of the Screw	Chapters 17-20	https://web.archive.org/web/20201105231633/https://www.gradesaver.com/turn-of-the-screw/study-guide/summary-chapters-17-20
The Turn of the Screw	Chapters 21-24	https://web.archive.org/web/20201105231633/https://www.gradesaver.com/turn-of-the-screw/study-guide/summary-chapters-21-24
Ulysses	Chapters 1-3	https://web.archive.org/web/20200922193926/https://www.gradesaver.com/ulysses/study-guide/summary-chapters-1-3
Ulysses	Chapters 4-6	https://web.archive.org/web/20200922193926/https://www.gradesaver.com/ulysses/study-guide/summary-chapters-4-6
Ulysses	Chapters 7-9	https://web.archive.org/web/20200922193926/https://www.gradesaver.com/ulysses/study-guide/summary-chapters-7-9
Ulysses	Chapters 10-12	https://web.archive.org/web/20200922193926/https://www.gradesaver.com/ulysses/study-guide/summary-chapters-10-12
Ulysses	Chapters 13-15	https://web.archive.org/web/20200922193926/https://www.gradesaver.com/ulysses/study-guide/summary-chapters-13-15
Ulysses	Chapters 16-18	https://web.archive.org/web/20200922193926/https://www.gradesaver.com/ulysses/study-guide/summary-chapters-16-18
Uncle Tom's Cabin	Chapters 1-5	https://web.archive.org/web/20210211084440/https://www.gradesaver.com/uncle-toms-cabin/study-guide/summary-chapters-1-5
Uncle Tom's Cabin	Chapters 6-10	https://web.archive.org/web/20210211084440/https://www.gradesaver.com/uncle-toms-cabin/study-guide/summary-chapters-6-10
Uncle Tom's Cabin	Chapters 11-15	https://web.archive.org/web/20210211084440/https://www.gradesaver.com/uncle-toms-cabin/study-guide/summary-chapters-11-15
Uncle Tom's Cabin	Chapters 16-20	https://web.archive.org/web/20210211084440/https://www.gradesaver.com/uncle-toms-cabin/study-guide/summary-chapters-16-20
Uncle Tom's Cabin	Chapters 21-25	https://web.archive.org/web/20210211084440/https://www.gradesaver.com/uncle-toms-cabin/study-guide/summary-chapters-21-25
Uncle Tom's Cabin	Chapters 26-30	https://web.archive.org/web/20210211084440/https://www.gradesaver.com/uncle-toms-cabin/study-guide/summary-chapters-26-30
Uncle Tom's Cabin	Chapters 31-35	https://web.archive.org/web/20210211084440/https://www.gradesaver.com/uncle-toms-cabin/study-guide/summary-chapters-31-35
Uncle Tom's Cabin	Chapters 36-40	https://web.archive.org/web/20210211084440/https://www.gradesaver.com/uncle-toms-cabin/study-guide/summary-chapters-36-40
Uncle Tom's Cabin	Chapters 41-45	https://web.archive.org/web/20210211084440/https://www.gradesaver.com/uncle-toms-cabin/study-guide/summary-chapters-41-45
Vanity Fair	Chapters 1 - 6	https://web.archive.org/web/20180421084143/http://www.gradesaver.com/vanity-fair/study-guide/summary-chapters-1-6
Vanity Fair	Chapters 7 - 12	https://web.archive.org/web/20180421084143/http://www.gradesaver.com/vanity-fair/study-guide/summary-chapters-7-12
Vanity Fair	Chapters 13 - 18	https://web.archive.org/web/20180421084143/http://www.gradesaver.com/vanity-fair/study-guide/summary-chapters-13-18
Vanity Fair	Chapters 19 - 24	https://web.archive.org/web/20180421084143/http://www.gradesaver.com/vanity-fair/study-guide/summary-chapters-19-24
Vanity Fair	Chapters 25 - 30	https://web.archive.org/web/20180421084143/http://www.gradesaver.com/vanity-fair/study-guide/summary-chapters-25-30
Vanity Fair	Chapters 31 - 36	https://web.archive.org/web/20180421084143/http://www.gradesaver.com/vanity-fair/study-guide/summary-chapters-31-36
Vanity Fair	Chapters 37 - 42	https://web.archive.org/web/20180421084143/http://www.gradesaver.com/vanity-fair/study-guide/summary-chapters-37-42
Vanity Fair	Chapters 43 - 48	https://web.archive.org/web/20180421084143/http://www.gradesaver.com/vanity-fair/study-guide/summary-chapters-43-48
Vanity Fair	Chapters 49 - 54	https://web.archive.org/web/20180421084143/http://www.gradesaver.com/vanity-fair/study-guide/summary-chapters-49-54
Vanity Fair	Chapters 55 - 60	https://web.archive.org/web/20180421084143/http://www.gradesaver.com/vanity-fair/study-guide/summary-chapters-55-60
Vanity Fair	Chapters 61 - 67	https://web.archive.org/web/20180421084143/http://www.gradesaver.com/vanity-fair/study-guide/summary-chapters-61-67
Walden	Chapters 1-3	https://web.archive.org/web/20210421225936/https://www.gradesaver.com/walden/study-guide/summary-chapters-1-3
Walden	Chapters 4-6	https://web.archive.org/web/20210421225936/https://www.gradesaver.com/walden/study-guide/summary-chapters-4-6
Walden	Chapters 7-9	https://web.archive.org/web/20210421225936/https://www.gradesaver.com/walden/study-guide/summary-chapters-7-9
Walden	Chapters 10-12	https://web.archive.org/web/20210421225936/https://www.gradesaver.com/walden/study-guide/summary-chapters-10-12
Walden	Chapters 13-15	https://web.archive.org/web/20210421225936/https://www.gradesaver.com/walden/study-guide/summary-chapters-13-15
Walden	Chapters 16-18	https://web.archive.org/web/20210421225936/https://www.gradesaver.com/walden/study-guide/summary-chapters-16-18
War and Peace	Volume I, Part 1	https://web.archive.org/web/20210109230649/https://www.gradesaver.com/war-and-peace/study-guide/summary-volume-i-part-1
War and Peace	Volume I, Part 2	https://web.archive.org/web/20210109230649/https://www.gradesaver.com/war-and-peace/study-guide/summary-volume-i-part-2
War and Peace	Volume I, Part 3	https://web.archive.org/web/20210109230649/https://www.gradesaver.com/war-and-peace/study-guide/summary-volume-i-part-3
War and Peace	Volume II, Part 1	https://web.archive.org/web/20210109230649/https://www.gradesaver.com/war-and-peace/study-guide/summary-volume-ii-part-1
War and Peace	Volume II, Part 2	https://web.archive.org/web/20210109230649/https://www.gradesaver.com/war-and-peace/study-guide/summary-volume-ii-part-2
War and Peace	Volume II, Part 3	https://web.archive.org/web/20210109230649/https://www.gradesaver.com/war-and-peace/study-guide/summary-volume-ii-part-3
War and Peace	Volume II, Part 4	https://web.archive.org/web/20210109230649/https://www.gradesaver.com/war-and-peace/study-guide/summary-volume-ii-part-4
War and Peace	Volume II, Part 5	https://web.archive.org/web/20210109230649/https://www.gradesaver.com/war-and-peace/study-guide/summary-volume-ii-part-5
War and Peace	Volume III, Part 1	https://web.archive.org/web/20210109230649/https://www.gradesaver.com/war-and-peace/study-guide/summary-volume-iii-part-1
War and Peace	Volume III, Part 2	https://web.archive.org/web/20210109230649/https://www.gradesaver.com/war-and-peace/study-guide/summary-volume-iii-part-2
War and Peace	Volume III, Part 3	https://web.archive.org/web/20210109230649/https://www.gradesaver.com/war-and-peace/study-guide/summary-volume-iii-part-3
War and Peace	Volume IV, Part 1	https://web.archive.org/web/20210109230649/https://www.gradesaver.com/war-and-peace/study-guide/summary-volume-iv-part-1
War and Peace	Volume IV, Part 2	https://web.archive.org/web/20210109230649/https://www.gradesaver.com/war-and-peace/study-guide/summary-volume-iv-part-2
War and Peace	Volume IV, Part 3	https://web.archive.org/web/20210109230649/https://www.gradesaver.com/war-and-peace/study-guide/summary-volume-iv-part-3
War and Peace	Volume IV, Part 4	https://web.archive.org/web/20210109230649/https://www.gradesaver.com/war-and-peace/study-guide/summary-volume-iv-part-4
War and Peace	Epilogue	https://web.archive.org/web/20210109230649/https://www.gradesaver.com/war-and-peace/study-guide/summary-epilogue
The War of the Worlds	Book 1, Chapter 1 - Book 1, Chapter 5	https://web.archive.org/web/20201114034227/https://www.gradesaver.com/the-war-of-the-worlds/study-guide/summary-book-1-chapter-1-book-1-chapter-5
The War of the Worlds	Book 1, Chapter 6 - Book 1, Chapter 10	https://web.archive.org/web/20201114034227/https://www.gradesaver.com/the-war-of-the-worlds/study-guide/summary-book-1-chapter-6-book-1-chapter-10
The War of the Worlds	Book 1, Chapter 11 - Book 1, Chapter 17	https://web.archive.org/web/20201114034227/https://www.gradesaver.com/the-war-of-the-worlds/study-guide/summary-book-1-chapter-11-book-1-chapter-17
The War of the Worlds	Book 2, Chapter 1 - Book 2, Chapter 5	https://web.archive.org/web/20201114034227/https://www.gradesaver.com/the-war-of-the-worlds/study-guide/summary-book-2-chapter-1-book-2-chapter-5
The War of the Worlds	Book 2, Chapter 6 - Book 2, Chapter 10	https://web.archive.org/web/20201114034227/https://www.gradesaver.com/the-war-of-the-worlds/study-guide/summary-book-2-chapter-6-book-2-chapter-10
Washington Square	Chapters 1-5	https://web.archive.org/web/20201127013206/https://www.gradesaver.com/washington-square/study-guide/summary-chapters-1-5
Washington Square	Chapters 6-10	https://web.archive.org/web/20201127013206/https://www.gradesaver.com/washington-square/study-guide/summary-chapters-6-10
Washington Square	Chapters 11-16	https://web.archive.org/web/20201127013206/https://www.gradesaver.com/washington-square/study-guide/summary-chapters-11-16
Washington Square	Chapters 17-20	https://web.archive.org/web/20201127013206/https://www.gradesaver.com/washington-square/study-guide/summary-chapters-17-20
Washington Square	Chapters 21-26	https://web.archive.org/web/20201127013206/https://www.gradesaver.com/washington-square/study-guide/summary-chapters-21-26
Washington Square	Chapters 27-30	https://web.archive.org/web/20201127013206/https://www.gradesaver.com/washington-square/study-guide/summary-chapters-27-30
Washington Square	Chapters 31-35	https://web.archive.org/web/20201127013206/https://www.gradesaver.com/washington-square/study-guide/summary-chapters-31-35
White Fang	Part 1	https://web.archive.org/web/20200927232426/https://www.gradesaver.com/white-fang/study-guide/summary-part-1
White Fang	Part 2	https://web.archive.org/web/20200927232426/https://www.gradesaver.com/white-fang/study-guide/summary-part-2
White Fang	Part 3	https://web.archive.org/web/20200927232426/https://www.gradesaver.com/white-fang/study-guide/summary-part-3
White Fang	Part 4	https://web.archive.org/web/20200927232426/https://www.gradesaver.com/white-fang/study-guide/summary-part-4
White Fang	Part 5	https://web.archive.org/web/20200927232426/https://www.gradesaver.com/white-fang/study-guide/summary-part-5
Winesburg, Ohio	Prologue, Book of the Grotesque	https://web.archive.org/web/20210502035428/https://www.gradesaver.com/winesburg-ohio/study-guide/summary-prologue-book-of-the-grotesque
Winesburg, Ohio	Hands, Paper Pills, Mother	https://web.archive.org/web/20210502035428/https://www.gradesaver.com/winesburg-ohio/study-guide/summary-hands-paper-pills-mother
Winesburg, Ohio	The Philosopher, Nobody Knows	https://web.archive.org/web/20210502035428/https://www.gradesaver.com/winesburg-ohio/study-guide/summary-the-philosopher-nobody-knows
Winesburg, Ohio	Godliness Parts I-IV	https://web.archive.org/web/20210502035428/https://www.gradesaver.com/winesburg-ohio/study-guide/summary-godliness-parts-i-iv
Winesburg, Ohio	A Man of Ideas, Adventure, Respectability	https://web.archive.org/web/20210502035428/https://www.gradesaver.com/winesburg-ohio/study-guide/summary-a-man-of-ideas-adventure-respectability
Winesburg, Ohio	The Thinker, Tandy, The Strength of God	https://web.archive.org/web/20210502035428/https://www.gradesaver.com/winesburg-ohio/study-guide/summary-the-thinker-tandy-the-strength-of-god
Winesburg, Ohio	The Teacher, Loneliness, An Awakening	https://web.archive.org/web/20210502035428/https://www.gradesaver.com/winesburg-ohio/study-guide/summary-the-teacher-loneliness-an-awakening
Winesburg, Ohio	Queer, The Untold Lie, Drink	https://web.archive.org/web/20210502035428/https://www.gradesaver.com/winesburg-ohio/study-guide/summary-queer-the-untold-lie-drink
Winesburg, Ohio	Death, Sophistication, Departure	https://web.archive.org/web/20210502035428/https://www.gradesaver.com/winesburg-ohio/study-guide/summary-death-sophistication-departure
Wuthering Heights	Chapters 1-5	https://web.archive.org/web/20210212023824/https://www.gradesaver.com/wuthering-heights/study-guide/summary-chapters-1-5
Wuthering Heights	Chapters 6-10	https://web.archive.org/web/20210212023824/https://www.gradesaver.com/wuthering-heights/study-guide/summary-chapters-6-10
Wuthering Heights	Chapters 11-15	https://web.archive.org/web/20210212023824/https://www.gradesaver.com/wuthering-heights/study-guide/summary-chapters-11-15
Wuthering Heights	Chapters 16-20	https://web.archive.org/web/20210212023824/https://www.gradesaver.com/wuthering-heights/study-guide/summary-chapters-16-20
Wuthering Heights	Chapters 21-25	https://web.archive.org/web/20210212023824/https://www.gradesaver.com/wuthering-heights/study-guide/summary-chapters-21-25
Wuthering Heights	Chapters 26-30	https://web.archive.org/web/20210212023824/https://www.gradesaver.com/wuthering-heights/study-guide/summary-chapters-26-30
Wuthering Heights	Chapters 31-34	https://web.archive.org/web/20210212023824/https://www.gradesaver.com/wuthering-heights/study-guide/summary-chapters-31-34
The Yellow Wallpaper	Part 1	https://web.archive.org/web/20210411185209/https://www.gradesaver.com/the-yellow-wallpaper/study-guide/summary-part-1
The Yellow Wallpaper	Part 2	https://web.archive.org/web/20210411185209/https://www.gradesaver.com/the-yellow-wallpaper/study-guide/summary-part-2
The Yellow Wallpaper	Part 3	https://web.archive.org/web/20210411185209/https://www.gradesaver.com/the-yellow-wallpaper/study-guide/summary-part-3
The Yellow Wallpaper	Part 4	https://web.archive.org/web/20210411185209/https://www.gradesaver.com/the-yellow-wallpaper/study-guide/summary-part-4
The Yellow Wallpaper	Part 5	https://web.archive.org/web/20210411185209/https://www.gradesaver.com/the-yellow-wallpaper/study-guide/summary-part-5
The Yellow Wallpaper	Part 6	https://web.archive.org/web/20210411185209/https://www.gradesaver.com/the-yellow-wallpaper/study-guide/summary-part-6
